code,id,name,name_kana,station_size,company_code,color,symbol,closed
1002,0096b0,東海道新幹線,とうかいどうしんかんせん,17,3,#0000FF,NULL,0
1003,4c9e90,山陽新幹線,さんようしんかんせん,19,4,#0000FF,NULL,0
1004,a719bd,東北新幹線,とうほくしんかんせん,23,2,#008000,NULL,0
1005,d4a3f7,上越新幹線,じょうえつしんかんせん,12,2,NULL,NULL,0
1006,0dd500,上越新幹線(上越線),じょうえつしんかんせん(じょうえつせん),2,2,#00B3E6,NULL,0
1009,4e16d0,北陸新幹線,ほくりくしんかんせん,13,2,NULL,NULL,0
1010,6b44b9,九州新幹線,きゅうしゅうしんかんせん,12,6,#FF0000,NULL,0
1011,444fde,北海道新幹線,ほっかいどうしんかんせん,4,1,#2BC431,NULL,0
11101,aaa21c,JR函館本線(函館～長万部),じぇいあーるはこだてほんせん,38,1,#0072BC,NULL,0
11102,1eb104,JR函館本線(長万部～小樽),じぇいあーるはこだてほんせん,19,1,#ED1C23,S,0
11103,1f0306,JR函館本線(小樽～旭川),じぇいあーるはこだてほんせん,43,1,NULL,NULL,0
11104,823dfb,JR室蘭本線(長万部・室蘭～苫小牧),じぇいあーるむろらんほんせん,34,1,#0072BC,NULL,0
11105,96c7b5,JR室蘭本線(苫小牧～岩見沢),じぇいあーるむろらんほんせん,14,1,NULL,NULL,0
11106,60fdd0,JR根室本線(滝川～新得),じぇいあーるねむろほんせん,18,1,#F6989D,T,0
11107,17d497,JR根室本線(新得～釧路),じぇいあーるねむろほんせん,31,1,#8CC63E,K,0
11108,1ed5e3,JR根室本線(花咲線)(釧路～根室),じぇいあーるねむろほんせん(はなせきせん),21,1,NULL,NULL,0
11109,e4b697,JR千歳線,じぇいあーるちとせせん,19,1,NULL,NULL,0
11110,a8d423,JR石勝線,じぇいあーるせきしょうせん,15,1,#8CC63E,NULL,0
11111,2f359f,JR日高本線,じぇいあーるひだかほんせん,29,1,NULL,NULL,0
11112,f32e7c,JR札沼線,じぇいあーるさっしょうせん,30,1,#00A54F,NULL,0
11113,a45680,JR留萌本線,じぇいあーるるもいほんせん,20,1,NULL,NULL,0
11114,a2d866,JR富良野線,じぇいあーるふらのせん,18,1,#AA5EA6,F,0
11115,19f8a4,JR宗谷本線,じぇいあーるそうやほんせん,53,1,#954A35,NULL,0
11116,5c7488,JR石北本線,じぇいあーるせきほくほんせん,42,1,#F7931D,A,0
11117,1dc0f0,JR釧網本線,じぇいあーるせんもうほんせん,28,1,#EF59A1,NULL,0
11118,4030c3,JR海峡線,じぇいあーるかいきょうせん,5,1,#0099FF,NULL,1
11119,0030da,JR江差線,じぇいあーるえさしせん,22,1,NULL,NULL,1
11201,e27da6,JR東北本線(八戸～青森),じぇいあーるとうほくほんせん,20,2,#008000,NULL,1
11202,0494a8,JR奥羽本線(新庄～青森),じぇいあーるおううほんせん,66,2,#FF6600,NULL,0
11231,6d00c9,JR東北本線(黒磯～利府・盛岡),じぇいあーるとうほくほんせん,85,2,#3CB371,NULL,0
11203,ddb025,JR大湊線(はまなすベイライン大湊線),じぇいあーるおおみなとせん,11,2,#F1AA28,NULL,0
11204,0fd853,JR五能線,じぇいあーるごのうせん,43,2,#0C7AAD,NULL,0
11205,6d21eb,JR津軽線,じぇいあーるつがるせん,18,2,#15A2C4,NULL,0
11206,c2efc5,JR八戸線,じぇいあーるはちのへせん,24,2,#E93920,NULL,0
11207,0597e3,JR岩泉線,じぇいあーるいわいずみせん,9,2,#808080,NULL,1
11208,8cbf9c,JR大船渡線(ドラゴンレール大船渡線),じぇいあーるおおふなとせん,39,2,#F18E44,NULL,0
11209,7b973e,JR釜石線(銀河ドリームライン釜石線),じぇいあーるかまいしせん,24,2,#0073BF,NULL,0
11210,862068,JR北上線,じぇいあーるきたかみせん,17,2,#851A72,NULL,0
11211,02c554,JR田沢湖線,じぇいあーるたざわこせん,17,2,#9D72B0,NULL,0
11212,11653a,JR花輪線(十和田八幡平四季彩ライン),じぇいあーるはなわせん(とわだはちまんたいしきさいらいん),27,2,#FF0000,NULL,0
11213,0de295,JR山田線,じぇいあーるやまだせん,18,2,#CD7A1E,NULL,0
11214,ca35da,JR羽越本線,じぇいあーるうえつほんせん,60,2,#75C8FF,NULL,0
11215,7d26f1,JR男鹿線,じぇいあーるおがせん,9,2,#36823E,NULL,0
11216,e4029b,JR奥羽本線(山形線)(福島～新庄),じぇいあーるおううほんせん,36,2,#FFA030,NULL,0
11217,e1c3cf,JR仙山線,じぇいあーるせんざんせん,20,2,#72BC4A,NULL,0
11218,a0f0a8,JR左沢線(フルーツライン左沢線),じぇいあーるあてらざわせん(ふるーつらいんあてらざわせん),12,2,#0073BF,NULL,0
11219,85eecb,JR米坂線,じぇいあーるよねさかせん,20,2,#9E7EB9,NULL,0
11220,1c6980,JR陸羽西線(奥の細道最上川ライン),じぇいあーるりくうさいせん(おくのほそみちもがみがわらいん),10,2,#6FBF7F,NULL,0
11221,9c74cc,JR陸羽東線(奥の細道湯けむりライン),じぇいあーるりくうとうせん(おくのほそみちゆけむりらいん),27,2,#888888,NULL,0
11222,8ad2ff,JR仙石線,じぇいあーるせんせきせん,32,2,#00AAEE,NULL,0
11223,4ed3cd,JR石巻線,じぇいあーるいしのまきせん,14,2,#ED77A4,NULL,0
11224,b999b1,JR気仙沼線,じぇいあーるけせんぬません,27,2,NULL,NULL,0
11225,c7cf37,JR磐越西線(郡山～会津若松),じぇいあーるばんえつさいせん,16,2,#CB7B35,NULL,0
11226,bf4f66,JR磐越西線(森と水とロマンの鉄道),じぇいあーるばんえつさいせん(もりとみずとろまんのてつどう),28,2,#CB7B35,NULL,0
11227,1445ab,JR只見線,じぇいあーるただみせん,38,2,#008DD1,NULL,0
11228,90cd89,JR磐越東線(ゆうゆうあぶくまライン),じぇいあーるばんえつとうせん,16,2,#C71585,NULL,0
11229,e785de,JR常磐線(取手～いわき),じぇいあーるじょうばんせん,35,2,#3333FF,NULL,0
11230,f75599,JR常磐線(いわき～仙台),じぇいあーるじょうばんせん,35,2,#3333FF,NULL,0
11301,ff8c6a,JR東海道本線(東京～熱海),じぇいあーるとうかいどうほんせん,21,2,#F68B1E,JT,0
11302,39b88f,JR山手線,じぇいあーるやまのてせん,30,2,#9ACD32,JY,0
11303,91c205,JR南武線,じぇいあーるなんぶせん,30,2,#FFD400,JN,0
11304,66f6db,JR鶴見線,じぇいあーるつるみせん,13,2,#FFD400,JI,0
11305,dc7c53,JR武蔵野線,じぇいあーるむさしのせん,27,2,#F15A22,JM,0
11306,69b0a0,JR横浜線,じぇいあーるよこはません,20,2,NULL,JH,0
11307,376e23,JR根岸線,じぇいあーるねぎしせん,12,2,#00B2E5,JK,0
11308,a048fc,JR横須賀線,じぇいあーるよこすかせん,19,2,#007AC0,JO,0
11309,e80090,JR相模線,じぇいあーるさがみせん,18,2,#009793,NULL,0
11311,833adc,JR中央本線(東京～塩尻),じぇいあーるちゅうおうほんせん,53,2,#0000FF,NULL,0
11312,58158b,JR中央線(快速),じぇいあーるちゅうおうせん,24,2,#F15A22,JC,0
11313,bacc17,JR中央・総武線,じぇいあーるちゅうおう・そうぶせん,39,2,#FFD400,JB,0
11314,fdcd01,JR総武本線,じぇいあーるそうぶほんせん,31,2,#FFC20D,NULL,0
11315,4cc2c7,JR青梅線,じぇいあーるおうめせん,25,2,#F15A22,JC,0
11316,f40a7c,JR五日市線,じぇいあーるいつかいちせん,7,2,#F15A22,JC,0
11317,0b3cc9,JR八高線(八王子～高麗川),じぇいあーるはちこうせん,9,2,#A8A39D,NULL,0
11318,5aee92,JR八高線(高麗川～高崎),じぇいあーるはちこうせん,16,2,#A8A39D,NULL,0
11319,2d2b3a,JR東北本線(宇都宮線),じぇいあーるとうほくほんせん,33,2,#F68B1E,JU,0
11320,02d454,JR常磐線(上野～取手),じぇいあーるじょうばんせん,19,2,#00B261,NULL,0
11321,ea7240,JR埼京線,じぇいあーるさいきょうせん,19,2,#00B48D,JA,0
11322,15a08a,JR川越線,じぇいあーるかわごえせん,11,2,NULL,NULL,0
11323,e31da4,JR高崎線,じぇいあーるたかさきせん,24,2,#F68B1E,JU,0
11324,baba65,JR外房線,じぇいあーるそとぼうせん,27,2,#DB4028,NULL,0
11325,c628ee,JR内房線,じぇいあーるうちぼうせん,32,2,#00BFFF,NULL,0
11326,c930f9,JR京葉線,じぇいあーるけいようせん,17,2,#C9242F,JE,0
11327,f204e9,JR成田線,じぇいあーるなりたせん,28,2,#000000,JO,0
11328,859601,JR成田エクスプレス,じぇいあーるなりたえくすぷれす,22,2,NULL,NULL,0
11329,7fe2ca,JR鹿島線,じぇいあーるかしません,7,2,#C56E2E,NULL,0
11330,a3fab8,JR久留里線,じぇいあーるくるりせん,14,2,#00AC97,NULL,0
11331,d88aa7,JR東金線,じぇいあーるとうがねせん,5,2,#F15A22,NULL,0
11332,69d2d0,JR京浜東北線,じぇいあーるけいひんとうほくせん,36,2,#00B2E5,JK,0
11333,f8787b,JR湘南新宿ライン,じぇいあーるしょうなんしんじゅくらいん,16,2,NULL,JS,0
11343,d11c9e,JR上野東京ライン,じぇいあーるうえのとうきょうらいん,2,2,#F68B1E,JU,0
11334,771730,JR烏山線,じぇいあーるからすやません,8,2,#008000,NULL,0
11335,d103e5,JR吾妻線,じぇいあーるあがつません,18,2,#0F5474,NULL,0
11337,3b609e,JR信越本線,じぇいあーるしんえつほんせん,8,2,#9ACD32,NULL,0
11338,0f46c5,JR水郡線,じぇいあーるすいぐんせん,46,2,#368C44,NULL,0
11339,26e059,JR水戸線,じぇいあーるみとせん,16,2,#3333FF,NULL,0
11340,59cb13,JR日光線,じぇいあーるにっこうせん,7,2,#880022,NULL,0
11341,e9e076,JR両毛線,じぇいあーるりょうもうせん,22,2,#FFFF00,NULL,0
11342,1d2d8b,JR上越線,じぇいあーるじょうえつせん,36,2,#00B3E6,NULL,0
11401,b7288e,JR小海線(八ヶ岳高原線),じぇいあーるこうみせん(やつがたけこうげんせん),31,2,#008000,NULL,0
11402,b3c630,JR身延線,じぇいあーるみのぶせん,39,3,NULL,NULL,0
11403,36c983,JR信越本線(篠ノ井～長野),じぇいあーるしんえつほんせん,5,2,#00BFFF,NULL,0
11404,df8569,JR信越本線(直江津～新潟),じぇいあーるしんえつほんせん,42,2,#00B3E6,NULL,0
11405,17da13,JR北陸本線(富山～直江津),じぇいあーるほくりくほんせん,24,4,NULL,NULL,1
11406,ea45bc,JR白新線,じぇいあーるはくしんせん,10,2,#F387B7,NULL,0
11407,24151f,JR飯山線,じぇいあーるいいやません,31,2,#9ACD32,NULL,0
11408,3d62cd,JR越後線,じぇいあーるえちごせん,32,2,#40934D,NULL,0
11409,061970,JR大糸線,じぇいあーるおおいとせん,42,2,#9370DB,NULL,0
11410,01316a,JR弥彦線,じぇいあーるやひこせん,8,2,#922790,NULL,0
11411,c4c71b,JR中央本線(名古屋～塩尻),じぇいあーるちゅうおうほんせん,40,3,#3B6C9C,CF,0
11412,a44152,JR篠ノ井線,じぇいあーるしののいせん,15,2,#F77321,NULL,0
11413,a0c4b3,JR飯田線(豊橋～天竜峡),じぇいあーるいいだせん,51,3,#87CEEB,CD,0
11414,e23796,JR飯田線(天竜峡～辰野),じぇいあーるいいだせん,44,3,#87CEEB,CD,0
11415,0a8372,JR北陸本線(米原～金沢),じぇいあーるほくりくほんせん,43,4,NULL,NULL,0
11416,7e050d,JR高山本線,じぇいあーるたかやまほんせん,45,3,NULL,CG,0
11417,eb96b5,JR城端線,じぇいあーるじょうはなせん,14,4,NULL,NULL,0
11418,ec058d,JR氷見線,じぇいあーるひみせん,8,4,NULL,NULL,0
11419,669cf3,JR七尾線,じぇいあーるななおせん,20,4,#B7282E,NULL,0
11421,447d7f,JR越美北線(九頭竜線),じぇいあーるえつみほくせん(くずりゅうせん),23,4,NULL,NULL,0
11422,732431,JR小浜線,じぇいあーるおばません,24,4,NULL,NULL,0
11501,383001,JR東海道本線(熱海～浜松),じぇいあーるとうかいどうほんせん,35,3,#F57615,CA,0
11502,159e94,JR東海道本線(浜松～岐阜),じぇいあーるとうかいどうほんせん,41,3,#F57615,CA,0
11503,d27067,JR東海道本線(岐阜～美濃赤坂・米原),じぇいあーるとうかいどうほんせん,12,3,#F57615,CA,0
11504,b2110b,JR伊東線,じぇいあーるいとうせん,6,2,#F68B1E,NULL,0
11505,3bec94,JR御殿場線,じぇいあーるごてんばせん,19,3,#247B30,CB,0
11506,8d391a,JR武豊線,じぇいあーるたけとよせん,10,3,NULL,NULL,0
11507,8031dd,JR太多線,じぇいあーるたいたせん,8,3,#BFBA2F,CI,0
11508,146fd6,JR関西本線(名古屋～亀山),じぇいあーるかんさいほんせん,18,3,#3DBC87,CJ,0
11509,10f069,JR関西本線(亀山～加茂),じぇいあーるかんさいほんせん,12,4,#5726B7,V,0
11510,d1a3fc,JR紀勢本線,じぇいあーるきせいほんせん,41,3,NULL,NULL,0
11511,34383f,JR草津線,じぇいあーるくさつせん,11,4,#5A9934,C,0
11512,b1c370,JR参宮線,じぇいあーるさんぐうせん,11,3,NULL,NULL,0
11513,053b08,JR名松線,じぇいあーるめいしょうせん,15,3,NULL,NULL,0
11601,314055,JR東海道本線(琵琶湖線)(米原～京都),じぇいあーるとうかいどうほんせん(びわこせん),20,4,#0072BC,A,0
11602,a0face,JR東海道本線(京都線)(京都～大阪),じぇいあーるとうかいどうほんせん(きょうとせん),17,4,#0072BC,A,0
11603,8d61a7,JR東海道本線(神戸線)(大阪～神戸),じぇいあーるとうかいどうほんせん(こうべせん),17,4,#0072BC,A,0
11605,acd783,JR湖西線,じぇいあーるこせいせん,22,4,#00ACD1,B,0
11607,32f472,JR関西本線(大和路線)(加茂～ＪＲ難波),じぇいあーるかんさいほんせん(やまとじせん),22,4,#00B17B,Q,0
11608,eb7489,JR山陽本線(神戸線)(神戸～姫路),じぇいあーるさんようほんせん(こうべせん),23,4,#0072BC,A,0
11609,8dcc61,JR山陽本線(姫路～岡山),じぇいあーるさんようほんせん,19,4,NULL,NULL,0
11610,ee50a1,JR山陽本線(岡山～三原),じぇいあーるさんようほんせん,20,4,#009966,NULL,0
11611,2cffe5,JR山陽本線(三原～岩国),じぇいあーるさんようほんせん,31,4,NULL,NULL,0
11612,d24f07,JR山陽本線(岩国～門司),じぇいあーるさんようほんせん,37,4,NULL,NULL,0
11613,41516e,JR山陽本線(兵庫～和田岬),じぇいあーるさんようほんせん,2,4,NULL,NULL,0
11614,1e4dc2,JR山陰本線(嵯峨野線)(京都～園部),じぇいあーるさんいんほんせん(さがのせん),16,4,#878DDC,E,0
11615,6eedcc,JR山陰本線(園部～豊岡),じぇいあーるさんいんほんせん,24,4,#878DDC,E,0
11616,fe4ba9,JR山陰本線(豊岡～米子),じぇいあーるさんいんほんせん,41,4,#B8D200,NULL,0
11617,f1b0e1,JR片町線(学研都市線),じぇいあーるかたまちせん,24,4,#FF1493,H,0
11618,3d4054,JR奈良線,じぇいあーるならせん,21,4,#AA731C,D,0
11622,5c7e2c,JR舞鶴線,じぇいあーるまいづるせん,9,4,#FF8E1F,L,0
11623,56c24a,JR大阪環状線,じぇいあーるおおさかかんじょうせん,19,4,#E80000,O,0
11624,d6834a,JR桜島線(ゆめ咲線),じぇいあーるさくらじません(ゆめさきせん),4,4,#0A318E,P,0
11625,5aa1c4,JR東西線,じぇいあーるとうざいせん,9,4,#FF1493,H,0
11626,983ea4,JR阪和線(天王寺～和歌山),じぇいあーるはんわせん,35,4,#FF6600,R,0
11627,6d4c22,JR阪和線(鳳～東羽衣),じぇいあーるはんわせん,2,4,NULL,NULL,0
11628,0ce7f7,JR関西空港線,じぇいあーるかんさいくうこうせん,3,4,#0072BC,S,0
11629,c96cfb,JR福知山線(宝塚線)(新大阪～篠山口),じぇいあーるふくちやません(たからづかせん),23,4,#FFBA00,G,0
11630,2ab61b,JR福知山線(篠山口～福知山),じぇいあーるふくちやません,10,4,#FFBA00,G,0
11631,b88e21,JR赤穂線,じぇいあーるあこうせん,22,4,NULL,NULL,0
11632,22fa1e,JR加古川線,じぇいあーるかこがわせん,21,4,#00BAA5,I,0
11633,7120e4,JR姫新線(姫路～佐用),じぇいあーるきしんせん,12,4,#FF593E,K,0
11634,13eb4d,JR姫新線(佐用～新見),じぇいあーるきしんせん,25,4,#FF593E,K,0
11635,b7db06,JR播但線,じぇいあーるばんたんせん,18,4,#A52F5D,J,0
11636,976f28,JR和歌山線,じぇいあーるわかやません,36,4,#F79FBA,T,0
11637,128cba,JR桜井線,じぇいあーるさくらいせん,14,4,#A0283A,U,0
11639,e2d8c3,JR紀勢本線(きのくに線)(新宮～和歌山),じぇいあーるきせいほんせん,54,4,#00B1C2,W,0
11640,db091c,JR紀勢本線(和歌山～和歌山市),じぇいあーるきせいほんせん,3,4,NULL,NULL,0
11641,762ba7,JRおおさか東線,じぇいあーるおおさかひがしせん,14,4,#347293,F,0
11701,6cbdb8,JR山陰本線(米子～益田),じぇいあーるさんいんほんせん,45,4,#F26122,D,0
11702,488249,JR山陰本線(益田・仙崎～下関),じぇいあーるさんいんほんせん,40,4,#7E733D,NULL,0
11703,8b37eb,JR伯備線,じぇいあーるはくびせん,33,4,#35934A,V,0
11704,363854,JR因美線,じぇいあーるいんびせん,20,4,#996633,B,0
11705,487650,JR境線,じぇいあーるさかいせん,16,4,#0066B3,C,0
11706,749826,JR木次線,じぇいあーるきすきせん,18,4,#FFC20E,E,0
11707,deb7cb,JR三江線,じぇいあーるさんこうせん,35,4,#00B2E5,F,1
11708,d4f99a,JR山口線,じぇいあーるやまぐちせん,28,4,#F37052,NULL,0
11709,5263fd,JR宇野線,じぇいあーるうのせん,15,4,NULL,NULL,0
11710,fb8bae,JR本四備讃線(瀬戸大橋線),じぇいあーるほんしびさんせん(せとおおはしせん),6,4,#0040FF,M,0
11713,2b879e,JR吉備線,じぇいあーるきびせん,10,4,#F6A4B4,U,0
11714,63f169,JR芸備線,じぇいあーるげいびせん,46,4,#8F7DB9,P,0
11715,89b800,JR津山線,じぇいあーるつやません,17,4,#FDBD18,T,0
11716,cf673d,JR呉線,じぇいあーるくれせん,32,4,#FFA500,Y,0
11717,baa13b,JR可部線,じぇいあーるかべせん,16,4,#09C0B0,B,0
11720,c0fa44,JR福塩線,じぇいあーるふくえんせん,30,4,#49479E,Z,0
11721,1be1cb,JR宇部線,じぇいあーるうべせん,18,4,#B02857,NULL,0
11722,7ccdaa,JR美祢線,じぇいあーるみねせん,12,4,#D6007F,NULL,0
11723,b9a0cd,JR小野田線,じぇいあーるおのだせん,12,4,#695FAA,NULL,0
11724,7d00ac,JR岩徳線,じぇいあーるがんとくせん,16,4,#00A663,NULL,0
11801,09faa3,JR土讃線,じぇいあーるどさんせん,61,5,#FF3399,NULL,0
11802,030e39,JR高徳線,じぇいあーるこうとくせん,29,5,#8AC53E,NULL,0
11803,318b6c,JR徳島線(よしの川ブルーライン),じぇいあーるとくしません,26,5,#4A92B7,B,0
11804,9b8bf5,JR牟岐線,じぇいあーるむぎせん,30,5,#00B5AD,M,0
11805,f256b8,JR鳴門線,じぇいあーるなるとせん,7,5,#8C2C5F,N,0
11806,96e4ef,JR予讃線,じぇいあーるよさんせん,57,5,#FF9900,Y,0
11807,4993bb,JR予讃・内子線,じぇいあーるよさん・うちこせん,41,5,NULL,NULL,0
11808,4d4ab7,JR予土線(しまんとグリーンライン),じぇいあーるよどせん,22,5,#009257,G,0
11901,e207bb,JR博多南線,じぇいあーるはかたみなみせん,2,4,NULL,NULL,0
11902,589202,JR鹿児島本線(下関・門司港～博多),じぇいあーるかごしまほんせん,33,6,NULL,NULL,0
11903,22432c,JR鹿児島本線(博多～八代),じぇいあーるかごしまほんせん,51,6,NULL,NULL,0
11904,e12def,JR鹿児島本線(川内～鹿児島),じぇいあーるかごしまほんせん,14,6,NULL,NULL,0
11905,5df168,JR長崎本線(鳥栖～長崎),じぇいあーるながさきほんせん,42,6,NULL,NULL,0
11906,3b7fca,JR日豊本線(門司港～佐伯),じぇいあーるにっぽうほんせん,60,6,NULL,NULL,0
11907,f7aa6c,JR日豊本線(佐伯～鹿児島中央),じぇいあーるにっぽうほんせん,56,6,NULL,NULL,0
11908,08dc5a,JR篠栗線(福北ゆたか線),じぇいあーるささぐりせん(ふくほくゆたかせん),12,6,#FFFF00,NULL,0
11909,81b9fd,JR筑肥線(姪浜～西唐津),じぇいあーるちくひせん,21,6,NULL,JK,0
11910,89cfe2,JR筑豊本線(若松線)(若松～折尾),じぇいあーるちくほうほんせん(わかまつせん),6,6,NULL,NULL,0
11911,dd8b48,JR筑豊本線(福北ゆたか線)(折尾～桂川),じぇいあーるちくほうほんせん(ふくほくゆたかせん),16,6,#FFFF00,NULL,0
11912,d86e65,JR筑豊本線(原田線)(桂川～原田),じぇいあーるちくほうほんせん(はるだせん),5,6,NULL,NULL,0
11913,71dd92,JR久大本線(ゆふ高原線),じぇいあーるきゅうだいほんせん(ゆふこうげんせん),37,6,NULL,NULL,0
11914,7133be,JR日田彦山線,じぇいあーるひたひこさんせん,29,6,NULL,NULL,0
11915,49a39a,JR後藤寺線,じぇいあーるごとうじせん,6,6,NULL,NULL,0
11916,49d4f8,JR香椎線(海の中道線)(西戸崎～香椎),じぇいあーるかしいせん(うみのなかみちせん),6,6,NULL,NULL,0
11917,310de4,JR香椎線(香椎～宇美),じぇいあーるかしいせん,11,6,NULL,NULL,0
11918,0e9ae7,JR佐世保線,じぇいあーるさせぼせん,14,6,NULL,NULL,0
11920,7f6e89,JR筑肥線(西唐津～伊万里),じぇいあーるちくひせん,14,6,NULL,NULL,0
11921,e40e93,JR唐津線,じぇいあーるからつせん,16,6,NULL,NULL,0
11922,4b2c53,JR大村線,じぇいあーるおおむらせん,13,6,NULL,NULL,0
11923,3e398b,JR豊肥本線(阿蘇高原線),じぇいあーるほうひほんせん(あそこうげんせん),37,6,NULL,NULL,0
11924,63faed,JR三角線,じぇいあーるみすみせん,13,6,NULL,NULL,0
11925,69939b,JR肥薩線(えびの高原線)(八代～吉松),じぇいあーるひさつせん(えびのこうげんせん),19,6,NULL,NULL,0
11926,7a2ce3,JR肥薩線(吉松～隼人),じぇいあーるひさつせん,10,6,NULL,NULL,0
11927,c7fd20,JR宮崎空港線,じぇいあーるみやざきくうこうせん,4,6,NULL,NULL,0
11928,2c2d5d,JR日南線,じぇいあーるにちなんせん,29,6,NULL,NULL,0
11929,9429c7,JR吉都線(えびの高原線),じぇいあーるきっとせん(えびのこうげんせん),17,6,NULL,NULL,0
11930,91970b,JR指宿枕崎線,じぇいあーるいぶすきまくらざきせん,36,6,NULL,NULL,0
21001,4a0af8,東武東上線,とうぶとうじょうせん,38,11,#004098,TJ,0
21002,5ea11b,東武伊勢崎線,とうぶいせさきせん,56,11,NULL,NULL,0
21003,86d172,東武日光線,とうぶにっこうせん,26,11,#FF8000,TN,0
21004,ceacd5,東武野田線,とうぶのだせん,35,11,#33CCCC,TD,0
21005,7bff80,東武亀戸線,とうぶかめいどせん,5,11,#0F6CC3,TS,0
21006,2ce92f,東武大師線,とうぶたいしせん,2,11,#0F6CC3,TS,0
21007,893ea5,東武越生線,とうぶおごせせん,8,11,#004098,TJ,0
21008,dcf19c,東武宇都宮線,とうぶうつのみやせん,12,11,#FF8000,TN,0
21009,fc0073,東武鬼怒川線,とうぶきぬがわせん,9,11,#FFA500,TN,0
21010,433e06,東武佐野線,とうぶさのせん,10,11,#FF0000,TI,0
21011,d335b9,東武桐生線,とうぶきりゅうせん,8,11,#FF0000,TI,0
21012,d676de,東武小泉線,とうぶこいずみせん,9,11,#FF0000,TI,0
22001,a92a6a,西武池袋線,せいぶいけぶくろせん,32,12,#FF6600,SI,0
22002,7684e3,西武秩父線,せいぶちちぶせん,6,12,#FF6600,SI,0
22003,e3bb40,西武有楽町線,せいぶゆうらくちょうせん,3,12,#FF6600,SI,0
22004,dcd737,西武豊島線,せいぶとしません,2,12,#FF6600,SI,0
22005,e8ac68,西武狭山線,せいぶさやません,3,12,#FF6600,SI,0
22006,6325b3,西武山口線,せいぶやまぐちせん,3,12,#FF3333,SY,0
22007,26978d,西武新宿線,せいぶしんじゅくせん,29,12,#0099CC,SS,0
22008,08c57f,西武拝島線,せいぶはいじません,8,12,#0099CC,SS,0
22009,3f4777,西武西武園線,せいぶせいぶえんせん,2,12,#33CC66,SK,0
22010,8093d6,西武国分寺線,せいぶこくぶんじせん,5,12,#32CD32,SK,0
22011,1e719e,西武多摩湖線,せいぶたまこせん,8,12,#FFCC33,ST,0
22012,aa7bb3,西武多摩川線,せいぶたまがわせん,6,12,#FF6600,SW,0
23001,8d594c,京成本線,けいせいほんせん,45,13,#005AAA,KS,0
23002,5f43f1,京成押上線,けいせいおしあげせん,7,13,#005AAA,KS,0
23003,e253b9,京成金町線,けいせいかなまちせん,3,13,#005AAA,KS,0
23004,e62070,京成千葉線,けいせいちばせん,10,13,#005AAA,KS,0
23005,2b2d84,京成千原線,けいせいちはらせん,6,13,#005AAA,KS,0
23006,c8468c,京成成田空港線(成田スカイアクセス),けいせいなりたくうこうせん(なりたすかいあくせす),11,13,#FF8620,KS,0
24001,a5656b,京王京王線,けいおうけいおうせん,34,14,#DD3377,KO,0
24002,dbc973,京王相模原線,けいおうさがみはらせん,12,14,#DD3377,KO,0
24003,550f60,京王高尾線,けいおうたかおせん,7,14,#DD3377,KO,0
24004,6ae809,京王競馬場線,けいおうけいばじょうせん,2,14,#DD3377,KO,0
24005,5b2e9a,京王動物園線,けいおうどうぶつえんせん,2,14,#DD3377,KO,0
24006,51fa1a,京王井の頭線,けいおういのがしらせん,17,14,#333388,IN,0
25001,cd858f,小田急小田原線,おだきゅうおだわらせん,47,15,#2288CC,OH,0
25002,135c5c,小田急江ノ島線,おだきゅうえのしません,17,15,#2288CC,OE,0
25003,605584,小田急多摩線,おだきゅうたません,8,15,#2288CC,OT,0
26001,65fc8e,東急東横線,とうきゅうとうよこせん,21,16,#DA0442,TY,0
26002,982d8a,東急目黒線,とうきゅうめぐろせん,13,16,#009CD2,MG,0
26003,63dcc7,東急田園都市線,とうきゅうでんえんとしせん,27,16,#38B48B,DT,0
26004,1da7e0,東急大井町線,とうきゅうおおいまちせん,18,16,#F18C43,OM,0
26005,cf8aa8,東急池上線,とうきゅういけがみせん,15,16,#EE86A7,IK,0
26006,3d7165,東急多摩川線,とうきゅうたまがわせん,7,16,#AE0378,TM,0
26007,0477d1,東急世田谷線,とうきゅうせたがやせん,10,16,#FCC70D,SG,0
26008,fe06ac,東急こどもの国線,とうきゅうこどものくにせん,3,16,#0068B7,KD,0
27001,8f85fa,京急本線,けいきゅうほんせん,50,17,#00BFFF,KK,0
27002,cd1b4a,京急空港線,けいきゅうくうこうせん,7,17,#00BFFF,KK,0
27003,c7fc45,京急大師線,けいきゅうたいしせん,7,17,#00BFFF,KK,0
27004,e3f69f,京急逗子線,けいきゅうずしせん,4,17,#00BFFF,KK,0
27005,1965a8,京急久里浜線,けいきゅうくりはません,9,17,#00BFFF,KK,0
28001,e5308b,東京メトロ銀座線,とうきょうめとろぎんざせん,19,18,#F39700,G,0
28002,663030,東京メトロ丸ノ内線,とうきょうめとろまるのうちせん,28,18,#E60012,NULL,0
28003,14d1ab,東京メトロ日比谷線,とうきょうめとろひびやせん,21,18,#9CAEB7,H,0
28004,63424b,東京メトロ東西線,とうきょうめとろとうざいせん,23,18,#00A7DB,T,0
28005,f98afc,東京メトロ千代田線,とうきょうめとろちよだせん,20,18,#009944,C,0
28006,1e4559,東京メトロ有楽町線,とうきょうめとろゆうらくちょうせん,24,18,#D7C447,Y,0
28008,0fde40,東京メトロ半蔵門線,とうきょうめとろはんぞうもんせん,14,18,#800080,Z,0
28009,3ab722,東京メトロ南北線,とうきょうめとろなんぼくせん,19,18,#00A968,N,0
28010,e98d36,東京メトロ副都心線,とうきょうめとろふくとしんせん,16,18,#BB641D,F,0
29001,7410d9,相鉄本線,そうてつほんせん,18,19,#2288CC,SO,0
29002,a3ba62,相鉄いずみ野線,そうてついずみのせん,8,19,#2288CC,SO,0
29003,d931ec,相鉄新横浜線,そうてつしんよこはません,2,19,#2288CC,SO,0
30001,18140a,名鉄名古屋本線,めいてつなごやほんせん,60,20,#DC143C,NH,0
30002,23e75e,名鉄豊川線,めいてつとよかわせん,5,20,#DC143C,TK,0
30003,2ed17c,名鉄西尾線,めいてつにしおせん,14,20,#483D8B,GN,0
30004,6cbdf9,名鉄蒲郡線,めいてつがまごおりせん,10,20,#483D8B,GN,0
30005,5b2d27,名鉄三河線,めいてつみかわせん,23,20,NULL,NULL,0
30006,a3172a,名鉄豊田線,めいてつとよたせん,9,20,#9ACD32,TT,0
30007,26f31b,名鉄空港線,めいてつくうこうせん,3,20,#0000CD,TA,0
30008,123a1f,名鉄常滑線,めいてつとこなめせん,26,20,#0000CD,TA,0
30009,7d13fd,名鉄河和線,めいてつこうわせん,19,20,#00BFFF,KC,0
30010,79caf5,名鉄知多新線,めいてつちたしんせん,6,20,#00BFFF,KC,0
30011,2b1859,名鉄築港線,めいてつちっこうせん,2,20,#808080,CH,0
30012,0ef6c7,名鉄瀬戸線,めいてつせとせん,20,20,#800080,ST,0
30013,2b78cf,名鉄津島線,めいてつつしません,8,20,#FF6347,TB,0
30014,706221,名鉄尾西線,めいてつびさいせん,22,20,#FF6347,NULL,0
30015,1df6e8,名鉄犬山線,めいてついぬやません,20,20,#2E8B57,IY,0
30016,f1643e,名鉄各務原線,めいてつかかみがはらせん,18,20,NULL,KG,0
30017,4790a0,名鉄広見線,めいてつひろみせん,11,20,#2E8B57,HM,0
30018,6af70d,名鉄小牧線,めいてつこまきせん,14,20,#FF69B4,KM,0
30020,901a3d,名鉄竹鼻線,めいてつたけはなせん,9,20,#DAA520,TH,0
30021,60c5a6,名鉄羽島線,めいてつはしません,2,20,#DAA520,TH,0
31001,0a02c8,近鉄難波線,きんてつなんばせん,3,21,#FF0000,A,0
31002,2450bd,近鉄橿原線,きんてつかしはらせん,17,21,#EEC900,B,0
31003,1ab09f,近鉄南大阪線,きんてつみなみおおさかせん,28,21,#006400,F,0
31005,a2b225,近鉄大阪線,きんてつおおさかせん,48,21,#77BBFF,D,0
31007,5b3e40,近鉄吉野線,きんてつよしのせん,16,21,#006400,F,0
31008,f7499b,近鉄湯の山線,きんてつゆのやません,10,21,#0000FF,K,0
31009,bc46f2,近鉄山田線,きんてつやまだせん,14,21,#40E0D0,M,0
31010,03f9c7,近鉄鳥羽線,きんてつとばせん,5,21,#40E0D0,M,0
31011,87cd16,近鉄天理線,きんてつてんりせん,4,21,#EEC900,H,0
31012,2f65d9,近鉄道明寺線,きんてつどうみょうじせん,3,21,#006400,N,0
31013,cbf1d8,四日市あすなろう鉄道内部線,よっかいちあすなろうてつどううつべせん,8,247,NULL,NULL,0
31014,8686a0,四日市あすなろう鉄道八王子線,よっかいちあすなろうてつどうはちおうじせん,2,247,NULL,NULL,0
31015,682aed,近鉄志摩線,きんてつしません,16,21,#40E0D0,M,0
31016,ecf225,近鉄生駒線,きんてついこません,12,21,#FF0000,G,0
31017,25059f,近鉄田原本線,きんてつたわらもとせん,8,21,#EEC900,I,0
31018,776bbd,近鉄御所線,きんてつごせせん,4,21,#006400,P,0
31019,e35dc1,近鉄鈴鹿線,きんてつすずかせん,5,21,#0000FF,L,0
31020,788de4,近鉄奈良線,きんてつならせん,19,21,#FF0000,A,0
31021,765b0a,近鉄信貴線,きんてつしぎせん,3,21,#77BBFF,J,0
31022,391533,近鉄長野線,きんてつながのせん,8,21,#006400,O,0
31023,99fade,近鉄けいはんな線,きんてつけいはんなせん,8,21,#228B22,C,0
31024,bbdba9,近鉄西信貴ケーブル,きんてつにししぎけーぶる,2,21,#F0E68C,Z,0
31025,97304d,近鉄京都線,きんてつきょうとせん,28,21,#EEC900,B,0
31026,1afe9f,近鉄生駒ケーブル,きんてついこまけーぶる,5,21,#F0E68C,Y,0
31027,36caa8,近鉄名古屋線,きんてつなごやせん,44,21,#0000FF,E,0
32001,79e172,南海本線,なんかいほんせん,41,22,#0065AF,NK,0
32002,d1b6e3,南海空港線,なんかいくうこうせん,3,22,#594BAC,NK,0
32003,e7c00e,南海和歌山港線,なんかいわかやまこうせん,2,22,#0065AF,NK,0
32004,f80e09,南海高師浜線,なんかいたかしのはません,3,22,#0065AF,NK,0
32005,59ff87,南海加太線,なんかいかだせん,9,22,#0065AF,NK,0
32006,8680ce,南海多奈川線,なんかいたながわせん,4,22,#0065AF,NK,0
32007,3735e5,南海高野線(りんかんサンライン),なんかいこうやせん,42,22,#009A41,NK,0
32008,f49ced,南海高野山ケーブル,なんかいこうやさんけーぶる,2,22,#009A41,NK,0
32009,e4a1f5,南海汐見橋線,なんかいしおみばしせん,6,22,#009A41,NK,0
33001,3a1efc,京阪本線,けいはんほんせん,42,23,#66CC33,KH,0
33002,11486a,京阪宇治線,けいはんうじせん,8,23,#66CC33,KH,0
33003,171ce6,京阪交野線,けいはんかたのせん,8,23,#66CC33,KH,0
33004,8efcb0,京阪鴨東線,けいはんおうとうせん,3,23,#66CC33,KH,0
33005,f9ab89,京阪石清水八幡宮参道ケーブル,けいはんいわしみずはちまんぐうさんどうけーぶる,2,23,NULL,NULL,0
33006,3112ac,京阪石山坂本線,けいはんいしやまさかもとせん,21,23,#009933,OT,0
33007,1b69da,京阪京津線,けいはんけいしんせん,7,23,#FFCC00,OT,0
33008,3d7afc,京阪中之島線,けいはんなかのしません,5,23,#66CC33,KH,0
34001,a935bb,阪急神戸本線,はんきゅうこうべほんせん,16,24,#0000FF,HK,0
34002,31d269,阪急宝塚本線,はんきゅうたからづかほんせん,19,24,#FFA500,HK,0
34003,c50e84,阪急京都本線,はんきゅうきょうとほんせん,28,24,#32CD32,HK,0
34004,a65201,阪急今津線,はんきゅういまづせん,10,24,#0000FF,HK,0
34005,f7e5d4,阪急甲陽線,はんきゅうこうようせん,3,24,#0000FF,HK,0
34006,8a4ff8,阪急伊丹線,はんきゅういたみせん,4,24,#0000FF,HK,0
34007,63f7a1,阪急箕面線,はんきゅうみのおせん,4,24,#FFA500,HK,0
34008,c90346,阪急千里線,はんきゅうせんりせん,11,24,#32CD32,HK,0
34009,27c7e7,阪急嵐山線,はんきゅうあらしやません,4,24,#32CD32,HK,0
35001,ee70aa,阪神本線,はんしんほんせん,33,25,NULL,HS,0
35002,708c3b,阪神なんば線,はんしんなんばせん,11,25,NULL,HS,0
35003,58f677,阪神武庫川線,はんしんむこがわせん,4,25,NULL,HS,0
36001,88f993,西鉄天神大牟田線,にしてつてんじんおおむたせん,49,26,NULL,T,0
36002,d19406,西鉄太宰府線,にしてつだざいふせん,3,26,NULL,D,0
36003,673daf,西鉄甘木線,にしてつあまぎせん,12,26,NULL,A,0
36004,e4c7a6,西鉄貝塚線,にしてつかいづかせん,10,26,NULL,NK,0
99101,3b2d10,札幌市営地下鉄東西線,さっぽろしえいちかてつとうざいせん,19,101,#FFA500,T,0
99102,92e4f0,札幌市営地下鉄南北線,さっぽろしえいちかてつなんぼくせん,16,101,#008000,N,0
99103,68f4f3,札幌市営地下鉄東豊線,さっぽろしえいちかてつとうほうせん,14,101,#0080FF,H,0
99104,3020a3,札幌市電山鼻線,さっぽろしでんやまはなせん,24,101,NULL,SC,0
99105,4a31cb,函館市電２系統,はこだてしでんにけいとう,23,102,#FF0000,NULL,0
99106,67ae7d,函館市電５系統,はこだてしでんごけいとう,23,102,#0000FF,NULL,0
99108,b13753,道南いさりび鉄道線,どうなんいさりびてつどう,12,248,#246DAC,NULL,0
99201,acc4c3,津軽鉄道,つがるてつどう,12,104,NULL,NULL,0
99202,413cdd,弘南鉄道弘南線,こうなんてつどうこうなんせん,13,105,NULL,NULL,0
99203,3eebb3,弘南鉄道大鰐線,こうなんてつどうおおわにせん,14,105,NULL,NULL,0
99204,d3923b,十和田観光電鉄,とわだかんこうでんてつ,11,106,NULL,NULL,1
99205,151a49,いわて銀河鉄道,いわてぎんがてつどう,18,107,#03459A,NULL,0
99206,c3749c,青い森鉄道,あおいもりてつどう,27,108,#33CBF4,NULL,0
99207,770bbf,三陸鉄道北リアス線,さんりくてつどうきたりあすせん,17,109,NULL,NULL,1
99208,1c51cd,三陸鉄道リアス線,さんりくてつどうりあすせん,41,109,#FF0000,NULL,0
99209,a67173,秋田内陸縦貫鉄道,あきたないりくじゅうかんてつどう,29,110,NULL,NULL,0
99210,eea167,由利高原鉄道,ゆりこうげんてつどう,12,111,NULL,NULL,0
99211,7ebf02,山形鉄道フラワー長井線,やまがたてつどうふらわーながいせん,17,112,NULL,NULL,0
99213,6e6947,阿武隈急行,あぶくまきゅうこう,24,114,NULL,NULL,0
99214,96c1e1,仙台市営地下鉄南北線,せんだいしえいちかてつなんぼくせん,17,115,#009900,N,0
99218,dedda2,仙台市営地下鉄東西線,せんだいしえいちかてつとうざいせん,13,115,#90D7EC,T,0
99215,c0ba5d,福島交通飯坂線,ふくしまこうつういいざかせん,12,116,NULL,NULL,0
99216,29b4b7,会津鉄道,あいづてつどう,21,117,NULL,NULL,0
99217,a649c3,仙台空港線,せんだいくうこうせん,4,118,#2A5CAA,NULL,0
99301,05e456,都営大江戸線,とえいおおえどせん,38,119,#B6007A,E,0
99302,5d6ae3,都営浅草線,とえいあさくさせん,20,119,#E85298,A,0
99303,a2379f,都営三田線,とえいみたせん,27,119,#0000FF,I,0
99304,cc4ca6,都営新宿線,とえいしんじゅくせん,21,119,#6CBB5A,S,0
99305,37c5c0,都営都電荒川線,とえいとでんあらかわせん,30,119,NULL,NULL,0
99342,ab045c,日暮里・舎人ライナー,にっぽり・とねりらいなー,13,119,#FF69B4,NT,0
99306,33957a,秩父鉄道,ちちぶてつどう,37,120,NULL,NULL,0
99307,dd7e1c,埼玉高速鉄道,さいたまこうそくてつどう,8,121,#4682B4,SR,0
99308,f47e57,いすみ鉄道,いすみてつどう,14,122,NULL,NULL,0
99309,094058,つくばエクスプレス,つくばえくすぷれす,20,123,#FF3540,NULL,0
99310,293c09,みなとみらい線,みなとみらいせん,6,124,#09357F,MM,0
99311,0bc7a9,ゆりかもめ,ゆりかもめ,16,125,#27404E,U,0
99312,4f3779,わたらせ渓谷鐵道,わたらせけいこくてつどう,17,126,NULL,NULL,0
99313,91b875,ユーカリが丘線,ゆーかりがおかせん,6,127,NULL,NULL,0
99314,680ff4,伊豆箱根鉄道大雄山線,いずはこねてつどうだいゆうざんせん,12,128,#000000,ID,0
99315,5dc29f,ひたちなか海浜鉄道湊線,ひたちなかかいひんてつどうみなとせん,10,129,NULL,NULL,0
99316,75a89b,横浜市営地下鉄ブルーライン,よこはましえいちかてつぶるーらいん,32,130,#006BF0,B,0
99343,e53f38,横浜市営地下鉄グリーンライン,よこはましえいちかてつぐりーんらいん,10,130,#40CC40,G,0
99317,15e74c,横浜新都市交通金沢シーサイドライン,よこはましんとしこうつうかなざわしーさいどらいん,14,131,#F68B1E,NULL,0
99318,7ce0b6,関東鉄道常総線,かんとうてつどうじょうそうせん,25,132,NULL,NULL,0
99319,4c254c,関東鉄道竜ヶ崎線,かんとうてつどうりゅうがさきせん,3,132,NULL,NULL,0
99320,45966b,江ノ島電鉄線,えのしまでんてつせん,15,133,#005B1A,EN,0
99321,c2c19e,埼玉新都市交通伊奈線,さいたましんとしこうつういなせん,13,134,#FFFF00,NULL,0
99323,ddc638,鹿島臨海鉄道大洗鹿島線,かしまりんかいてつどうおおあらいかしません,16,136,NULL,NULL,0
99324,4d0538,芝山鉄道,しばやまてつどう,2,137,#00A650,SR,0
99325,881132,小湊鉄道,こみなとてつどう,18,138,NULL,NULL,0
99326,08f78e,湘南モノレール,しょうなんものれーる,8,139,NULL,NULL,0
99327,2926d4,上信電鉄,じょうしんでんてつ,21,140,NULL,NULL,0
99328,d51248,上毛電気鉄道,じょうもうでんきてつどう,23,141,NULL,NULL,0
99329,0b4220,新京成電鉄線,しんけいせいでんてつせん,24,142,#EF59A1,SL,0
99330,e5e270,真岡鐵道,もおかてつどう,17,143,NULL,NULL,0
99331,d107e0,千葉都市モノレール１号線,ちばとしものれーるいちごうせん,6,144,#2843BA,NULL,0
99332,79f6f4,千葉都市モノレール２号線,ちばとしものれーるにごうせん,13,144,#2843BA,NULL,0
99333,532627,流鉄流山線,りゅうてつながれやません,6,145,NULL,RN,0
99334,7498f8,多摩モノレール,たまものれーる,19,146,#FF6633,TT,0
99335,295b43,銚子電鉄線,ちょうしでんてつせん,10,147,NULL,NULL,0
99336,befad3,東京モノレール,とうきょうものれーる,11,148,#004098,MO,0
99337,5ce375,東京臨海高速鉄道,とうきょうりんかいこうそくてつどう,8,149,#3366CC,R,0
99338,e27e87,東葉高速鉄道,とうようこうそくてつどう,9,150,#3FB036,TR,0
99339,68edaa,箱根登山鉄道,はこねとざんてつどう,11,151,#A14023,OH,0
99340,cb0567,北総鉄道,ほくそうてつどう,15,152,#00BDF2,HS,0
99341,910e79,野岩鉄道会津鬼怒川線,やがんてつどうあいづきぬがわせん,9,153,NULL,NULL,0
99401,a2ad55,富士急行,ふじきゅうこう,18,154,NULL,FJ,0
99402,abc88f,北越急行ほくほく線,ほくえつきゅうこうほくほくせん,12,155,#6633FF,NULL,0
99403,75cde4,しなの鉄道,しなのてつどう,19,156,#F0A401,NULL,0
99427,cdb80b,北しなの線,きたしなのせん,8,156,#999966,NULL,0
99404,e8bd53,上田電鉄別所線,うえだでんてつべっしょせん,15,157,NULL,NULL,0
99405,ccda97,長野電鉄長野線,ながのでんてつながのせん,24,158,NULL,N,0
99406,ad00dc,長野電鉄屋代線,ながのでんてつやしろせん,13,158,NULL,Y,1
99407,ed45b8,松本電鉄上高地線,まつもとでんてつかみこうちせん,14,159,NULL,NULL,0
99408,440c68,富山地鉄本線,とやまちてつほんせん,41,160,#0033FF,NULL,0
99409,26cbff,富山地鉄立山線,とやまちてつたてやません,14,160,#009933,NULL,0
99410,e0fcf7,富山地鉄不二越・上滝線,とやまちてつふじこし・かみだきせん,16,160,#F77321,NULL,0
99412,63e466,黒部峡谷鉄道,くろべきょうこくてつどう,4,162,NULL,NULL,0
99413,5de6ae,富山地鉄市内線,とやまちてつしないせん,22,160,NULL,NULL,0
99422,2b9b0d,富山地鉄富山都心線,とやまちてつとやまとしんせん,5,160,NULL,NULL,0
99414,145b76,万葉線,まんようせん,25,163,NULL,NULL,0
99415,6143ed,富山地鉄富山港線,とやまちてつとやまこうせん,14,160,#00008B,NULL,0
99416,8706cf,北陸鉄道石川線,ほくりくてつどういしかわせん,17,165,NULL,NULL,0
99417,0e478f,北陸鉄道浅野川線,ほくりくてつどうあさのがわせん,12,165,NULL,NULL,0
99423,1671be,日本海ひすいライン,にほんかいひすいらいん,12,244,#3782BD,NULL,0
99424,9e5d4f,妙高はねうまライン,みょうこうはねうまらいん,10,244,#35C98E,NULL,0
99425,0870d5,あいの風とやま鉄道線,あいのかぜとやまてつどうせん,22,245,#00A556,NULL,0
99426,b2e0af,IRいしかわ鉄道線,あいあーるいしかわてつどう,5,246,#00A7E3,NULL,0
99418,6c98dc,のと鉄道七尾線,のとてつどうななおせん,8,166,NULL,NULL,0
99419,6953a0,えちぜん鉄道勝山永平寺線,えちぜんてつどうかつやまえいへいじせん,23,167,#FFA500,E,0
99420,48988c,えちぜん鉄道三国芦原線,えちぜんてつどうみくにあわらせん,24,167,#0066FF,NULL,0
99421,824528,福井鉄道福武線,ふくいてつどうふくぶせん,25,168,NULL,F,0
99501,8a1061,伊豆急行,いずきゅうこう,16,169,#000000,IZ,0
99502,374415,伊豆箱根鉄道駿豆線,いずはこねてつどうすんずせん,13,128,#000000,IS,0
99503,1c345c,岳南線,がくなんせん,10,170,NULL,NULL,0
99504,687bce,静岡鉄道静岡清水線,しずおかてつどうしずおかしみずせん,15,171,NULL,S,0
99505,94a400,天竜浜名湖鉄道,てんりゅうはまなこてつどう,39,172,NULL,NULL,0
99506,5e10ba,遠州鉄道,えんしゅうてつどう,18,173,NULL,NULL,0
99507,041e33,大井川鐵道大井川本線,おおいがわてつどうおおいがわほんせん,19,174,NULL,NULL,0
99508,616e9a,大井川鐵道井川線,おおいがわてつどういかわせん,14,174,NULL,NULL,0
99509,e72b50,西名古屋港線(あおなみ線),にしなごやこうせん,11,175,NULL,AN,0
99510,fbf99e,東海交通事業城北線,とうかいこうつうじぎょうじょうほくせん,6,176,NULL,NULL,0
99511,969ec6,愛知環状鉄道,あいちかんじょうてつどう,23,177,#200098,NULL,0
99512,1431c4,東部丘陵線(リニモ),とうぶきゅうりょうせん,9,178,#164CA2,L,0
99513,8785c7,名古屋市営地下鉄東山線,なごやしえいちかてつひがしやません,22,179,#FFB700,H,0
99514,f33f78,名古屋市営地下鉄名城線,なごやしえいちかてつめいじょうせん,28,179,#977AD4,M,0
99515,1f38c6,名古屋市営地下鉄名港線,なごやしえいちかてつめいこうせん,7,179,#977AD4,E,0
99516,bce039,名古屋市営地下鉄鶴舞線,なごやしえいちかてつつるまいせん,20,179,#009CBE,T,0
99517,aba85e,名古屋市営地下鉄桜通線,なごやしえいちかてつさくらどおりせん,21,179,#C4392F,S,0
99518,c9ecf3,名古屋市営地下鉄上飯田線,なごやしえいちかてつかみいいだせん,2,179,#E979B9,K,0
99520,b41c8d,豊橋鉄道渥美線,とよはしてつどうあつみせん,16,181,NULL,NULL,0
99521,26fd88,豊橋鉄道東田本線,とよはしてつどうあずまだほんせん,14,181,NULL,NULL,0
99522,fe0982,豊橋鉄道運動公園前線,とよはしてつどううんどうこうえんまえせん,2,181,NULL,NULL,0
99523,0de921,ゆとりーとライン,ゆとりーとらいん,9,182,#3C459A,Y,0
99524,36da0f,明知鉄道,あけちてつどう,11,183,NULL,NULL,0
99525,b22ca0,長良川鉄道越美南線,ながらがわてつどうえつみなんせん,38,184,NULL,NULL,0
99526,4f39f2,樽見鉄道,たるみてつどう,19,185,NULL,NULL,0
99528,e41235,三岐鉄道三岐線,さんぎてつどうさんぎせん,15,186,NULL,NULL,0
99529,f4b888,三岐鉄道北勢線,さんぎてつどうほくせいせん,13,186,NULL,NULL,0
99530,68703b,伊勢鉄道,いせてつどう,10,187,NULL,NULL,0
99531,e5ebeb,伊賀鉄道伊賀線,いがてつどういがせん,15,188,NULL,NULL,0
99532,709fe0,養老鉄道養老線,ようろうてつどうようろうせん,27,189,NULL,NULL,0
99601,6b238d,近江鉄道本線,おうみてつどうほんせん,25,190,NULL,NULL,0
99602,c2def9,近江鉄道多賀線,おうみてつどうたがせん,3,190,#F01008,NULL,0
99603,ddcf8a,近江鉄道八日市線,おうみてつどうようかいちせん,7,190,#4BC560,NULL,0
99604,644a8c,信楽高原鐵道,しがらきこうげんてつどう,6,191,NULL,NULL,0
99605,abb01b,嵯峨野観光鉄道,さがのかんこうてつどう,4,192,NULL,NULL,0
99606,c7dcfb,叡山電鉄叡山本線,えいざんでんてつえいざんほんせん,8,193,#007F00,E,0
99607,c30b57,叡山電鉄鞍馬線,えいざんでんてつくらません,10,193,#FF0000,E,0
99608,cdff19,京都丹後鉄道宮福線,きょうとたんごてつどうみやふくせん,14,194,#8CC63E,F,0
99609,4b85c5,京都丹後鉄道宮豊線,きょうとたんごてつどうみやとよせん,13,194,#F15A22,T,0
99653,ad02a0,京都丹後鉄道宮舞線,きょうとたんごてつどうみやまいせん,7,194,#0072BC,M,0
99610,2bd021,京都市営地下鉄烏丸線,きょうとしえいちかてつからすません,15,195,#3CB371,K,0
99611,f27eff,京都市営地下鉄東西線,きょうとしえいちかてつとうざいせん,17,195,#FF4500,T,0
99612,43e5a0,京福電鉄嵐山本線,けいふくでんてつあらしやまほんせん,13,196,#D7003A,A,0
99613,8fc107,京福電鉄北野線,けいふくでんてつきたのせん,10,196,#5654A2,B,0
99614,51dae2,北大阪急行電鉄,きたおおさかきゅうこうでんてつ,4,197,#E5171F,M,0
99616,ddb7f3,泉北高速鉄道線,せんぼくこうそくてつどう,6,198,#007FFF,SB,0
99617,34a778,水間鉄道,みずまてつどう,10,199,NULL,NULL,0
99618,4b5c36,OsakaMetro御堂筋線,おおさかめとろみどうすじせん,20,249,#E5171F,M,0
99619,21293d,OsakaMetro谷町線,おおさかめとろたにまちせん,26,249,#522886,T,0
99620,16c04b,OsakaMetro四つ橋線,おおさかめとろよつばしせん,11,249,#0078BA,Y,0
99621,828d98,OsakaMetro中央線,おおさかめとろちゅうおうせん,14,249,#019A66,C,0
99622,1bca22,OsakaMetro千日前線,おおさかめとろせんにちまえせん,14,249,#E44D93,S,0
99623,69ee4e,OsakaMetro堺筋線,おおさかめとろさかいすじせん,10,249,#814721,K,0
99624,8c17ef,OsakaMetro長堀鶴見緑地線,おおさかめとろながほりつるみりょくちせん,17,249,#A9CC51,N,0
99652,8ddda2,OsakaMetro今里筋線,おおさかめとろいまざとすじせん,11,249,#EE7B1A,I,0
99625,395b53,OsakaMetro南港ポートタウン線,おおさかめとろなんこうぽーとたうんせん,10,249,#00A0DE,P,0
99626,686637,大阪モノレール線,おおさかものれーるせん,14,201,#111986,NULL,0
99627,16ac2e,大阪モノレール彩都線,おおさかものれーるさいとせん,5,201,#111986,NULL,0
99628,232e25,阪堺電軌上町線,はんかいでんきうえまちせん,11,202,NULL,HN,0
99629,1ff203,阪堺電軌阪堺線,はんかいでんきはんかいせん,31,202,NULL,HN,0
99630,36e304,神戸高速東西線,こうべこうそくとうざいせん,9,203,NULL,NULL,0
99631,1b3343,神戸高速南北線,こうべこうそくなんぼくせん,2,203,NULL,KB,0
99632,8baaea,神鉄有馬線,しんてつありません,15,204,#FF0000,KB,0
99633,f2a8bb,神鉄三田線,しんてつさんだせん,10,204,#008000,KB,0
99634,3eedc6,神鉄公園都市線,しんてつこうえんとしせん,6,204,#CCCC33,KB,0
99635,257ee2,神鉄粟生線,しんてつあおせん,20,204,#0000FF,KB,0
99636,6fac09,北神急行電鉄,ほくしんきゅうこうでんてつ,2,205,NULL,S,0
99637,2f164e,山陽電鉄本線,さんようでんてつほんせん,43,206,#FA2B08,SY,0
99638,6794e5,山陽電鉄網干線,さんようでんてつあぼしせん,7,206,#FA2B08,SY,0
99615,b176a2,能勢電鉄妙見線,のせでんてつみょうけんせん,14,207,NULL,NS,0
99640,738ec9,能勢電鉄日生線,のせでんてつにっせいせん,2,207,NULL,NS,0
99642,e2c598,三木線,みきせん,9,208,NULL,NULL,1
99643,ca37af,北条鉄道,ほくじょうてつどう,8,209,NULL,NULL,0
99644,c15849,智頭急行,ちずきゅうこう,14,210,NULL,NULL,0
99645,0ff379,神戸市営地下鉄西神線,こうべしえいちかてつせいしんせん,9,211,#01AF98,S,0
99646,8e6ad6,神戸市営地下鉄山手線,こうべしえいちかてつやまてせん,8,211,#01AF98,S,0
99647,ce019b,神戸市営地下鉄海岸線(夢かもめ),こうべしえいちかてつかいがんせん,10,211,#00469C,K,0
99648,977261,神戸新交通ポートアイランド線,こうべしんこうつうぽーとあいらんどせん,12,212,NULL,NULL,0
99649,8e6310,神戸新交通六甲アイランド線,こうべしんこうつうろっこうあいらんどせん,6,212,NULL,R,0
99650,5c0d37,紀州鉄道,きしゅうてつどう,5,213,NULL,NULL,0
99651,986500,わかやま電鉄貴志川線,わかやまでんてつきしがわせん,14,214,NULL,NULL,0
99701,d1dd3a,若桜鉄道,わかさてつどう,9,215,NULL,NULL,0
99702,5068b9,一畑電車北松江線,いちばたでんしゃきたまつえせん,22,216,NULL,NULL,0
99703,bc8164,一畑電車大社線,いちばたでんしゃたいしゃせん,5,216,NULL,NULL,0
99704,3f8a5a,水島臨海鉄道,みずしまりんかいてつどう,10,217,NULL,MR,0
99705,948146,井原鉄道,いばらてつどう,15,218,NULL,NULL,0
99706,3c7275,岡山電軌東山本線,おかやまでんきひがしやません,10,219,#0000FF,NULL,0
99707,511c97,岡山電軌清輝橋線,おかやまでんきせいきばしせん,9,219,#942B9D,NULL,0
99708,de9367,スカイレールサービス,すかいれーるさーびす,3,220,NULL,NULL,0
99709,b11493,アストラムライン,あすとらむらいん,22,221,#FFD400,NULL,0
99710,5ee658,広電１系統(宇品線),ひろでんいちけいとう(うじなせん),27,222,NULL,NULL,0
99711,562a04,広電２系統(宮島線),ひろでんにけいとう(みやじません),41,222,#EE0000,NULL,0
99712,318129,広電３系統(己斐線),ひろでんさんけいとう(こいせん),29,222,#000080,NULL,0
99713,d6dce6,広電５系統(比治山線),ひろでんごけいとう(ひじやません),18,222,#00CC00,NULL,0
99714,7509a0,広電６系統(江波線),ひろでんろくけいとう(えばせん),20,222,#FFD700,NULL,0
99715,2dc8d9,広電７系統(都心線),ひろでんななけいとう(としんせん),15,222,#00594C,NULL,0
99716,e6d363,広電８系統(横川線),ひろでんはちけいとう(よこがわせん),12,222,#FF69B4,NULL,0
99717,abdd6b,広電９系統(白島線),ひろでんきゅうけいとう(はくしません),5,222,#696969,W,0
99718,02f7ad,錦川鉄道錦川清流線,にしきがわてつどうにしきがわせいりゅうせん,13,223,NULL,NULL,0
99801,7411db,阿佐海岸鉄道阿佐東線,あさかいがんてつどうあさとうせん,3,224,NULL,AK,0
99802,5b3afc,琴電琴平線,ことでんことひらせん,22,225,#FFCC33,K,0
99803,da30b9,琴電長尾線,ことでんながおせん,18,225,#66CC66,N,0
99804,31acc0,琴電志度線,ことでんしどせん,16,225,#FF3366,S,0
99805,786ad2,伊予鉄道郡中線,いよてつどうぐんちゅうせん,12,226,#F15A22,IY,0
99806,444597,伊予鉄道高浜線,いよてつどうたかはません,10,226,#9ACD32,IY,0
99807,1539fe,伊予鉄道横河原線,いよてつどうよこがわらせん,15,226,#00BBEE,IY,0
99808,459afe,伊予鉄道１系統(環状線),いよてつどういちけいとう(かんじょうせん),21,226,#006600,NULL,0
99809,a9d3f2,伊予鉄道２系統(環状線),いよてつどうにけいとう(かんじょうせん),21,226,#FF6600,NULL,0
99810,12e903,伊予鉄道３系統(市駅線),いよてつどうさんけいとう(しえきせん),11,226,#FF0000,NULL,0
99811,f2980e,伊予鉄道５系統(松山駅前線),いよてつどうごけいとう(まつやまえきまえせん),13,226,#0000FF,NULL,0
99812,ab4f93,伊予鉄道６系統(本町線),いよてつどうろくけいとう(ほんまちせん),7,226,#000000,NULL,0
99814,942976,土佐くろしお鉄道中村線,とさくろしおてつどうなかむらせん,15,227,NULL,TK,0
99815,4325cf,土佐くろしお鉄道宿毛線,とさくろしおてつどうすくもせん,8,227,NULL,TK,0
99816,f0374f,土佐くろしお鉄道ごめん・なはり線,とさくろしおてつどうごめん・なはりせん,20,227,NULL,GN,0
99817,c93cae,とさでん交通後免線,とさでんこうつうごめんせん,33,228,NULL,NULL,0
99818,cd3b63,とさでん交通伊野線,とさでんこうつういのせん,34,228,NULL,NULL,0
99819,a7b315,とさでん交通桟橋線,とさでんこうつうさんばしせん,11,228,NULL,NULL,0
99901,26811a,甘木鉄道,あまぎてつどう,11,229,NULL,NULL,0
99902,d4da7a,平成筑豊鉄道伊田線,へいせいちくほうてつどういたせん,15,230,NULL,NULL,0
99903,c3fdb4,平成筑豊鉄道糸田線,へいせいちくほうてつどういとだせん,6,230,NULL,NULL,0
99904,20db06,平成筑豊鉄道田川線,へいせいちくほうてつどうたがわせん,17,230,NULL,NULL,0
99928,9f2290,平成筑豊鉄道門司港レトロ観光線,へいせいちくほうてつどうもじこうれとろかんこうせん,4,230,NULL,NULL,0
99905,6d0684,福岡市営地下鉄空港線,ふくおかしえいちかてつくうこうせん,13,231,#EE5511,K,0
99906,8cd01c,福岡市営地下鉄箱崎線,ふくおかしえいちかてつはこざきせん,7,231,#0077CC,H,0
99907,d01086,福岡市営地下鉄七隈線,ふくおかしえいちかてつななくません,16,231,#00AA44,N,0
99908,10d5c0,北九州高速鉄道,きたきゅうしゅうこうそくてつどう,13,232,NULL,NULL,0
99909,643708,筑豊電気鉄道,ちくほうでんきてつどう,21,233,#E30075,CK,0
99910,e6a53c,松浦鉄道西九州線(有田～伊万里),まつうらてうどう,11,234,NULL,NULL,0
99911,42dbbc,松浦鉄道西九州線(伊万里～佐世保),まつうらてつどう,47,234,NULL,NULL,0
99912,5d1778,島原鉄道,しまばらてつどう,24,235,NULL,NULL,0
99913,e284d6,長崎電軌１系統,ながさきでんきいちけいとう,26,236,#0000FF,NULL,0
99914,dd46aa,長崎電軌３系統,ながさきでんきにけいとう,24,236,#FF0000,NULL,0
99915,adbf2f,長崎電軌４系統,ながさきでんきよんけいとう,10,236,#FFCC00,NULL,0
99916,c64b54,長崎電軌５系統,ながさきでんきごけいとう,13,236,#005A52,NULL,0
99917,241b14,熊本電鉄本線,くまもとでんてつほんせん,13,237,NULL,NULL,0
99918,b6f3e3,熊本電鉄上熊本線,くまもとでんてつかみくまもとせん,6,237,NULL,NULL,0
99919,9dbffa,南阿蘇鉄道高森線,みなみあそてつどうたかもりせん,10,238,NULL,NULL,0
99920,5eacec,くま川鉄道湯前線,くまがわてつどうゆのまえせん,14,239,NULL,NULL,0
99921,997bb3,肥薩おれんじ鉄道,ひさつおれんじてつどう,28,240,NULL,NULL,0
99922,dcc033,熊本市電Ａ系統,くまもとしでんえーけいとう,26,241,NULL,NULL,0
99923,ae3954,熊本市電Ｂ系統,くまもとしでんびーけいとう,28,241,NULL,NULL,0
99925,8c61e1,鹿児島市電１系統,かごしましでんいちけいとう,24,242,#4243BE,I,0
99926,1e8de5,鹿児島市電２系統,かごしましでんにけいとう,20,242,#EF1731,N,0
99927,81c9c7,ゆいレール,ゆいれーる,19,243,#E70F3F,NULL,0
99220,5d8822,南部縦貫鉄道線,なんぶじゅうかんてつどうせん,11,NULL,NULL,NULL,1
99221,1bf7a5,横荘線,おうしょうせん,2,NULL,NULL,NULL,1
99222,0cc82d,雄勝線,おがちせん,2,NULL,NULL,NULL,1
99347,7e1430,鹿島臨海鉄道鹿島臨港線,かしまりんかいてつどうかしまりんこうせん,2,136,NULL,NULL,1
99348,565c30,京王御陵線,けいおうごりょうせん,2,14,NULL,NULL,1
99349,706519,鉄道院中央本線,てつどういんちゅうおうほんせん,1,NULL,NULL,NULL,1
99350,2712ee,湘南軌道,しょうなんきどう,8,NULL,NULL,NULL,1
99428,ac5120,福井鉄道鯖浦線,ふくいてつどうせいほうせん,12,168,NULL,NULL,1
99656,f6eba2,北丹鉄道,ほくたんてつどう,8,NULL,NULL,NULL,1
11725,d7a953,倉吉線,くらよしせん,9,NULL,NULL,NULL,1
99719,ea8b6b,下津井電鉄,しもついでんてつ,15,NULL,NULL,NULL,1
11809,86a2b4,鍛冶屋原線,かじやばらせん,5,NULL,NULL,NULL,1
99813,256374,伊予鉄道森松線,いよてつどうもりまつせん,3,NULL,NULL,NULL,1
11931,3ee6bc,勝田線,かつたせん,7,NULL,NULL,NULL,1
11932,cd818e,宮之城線,みやのじょうせん,20,NULL,NULL,NULL,1
99929,a447c8,嘉手納線,かでなせん,3,NULL,NULL,NULL,1
99345,3b0c2b,ディズニーリゾートライン線,でぃずにーりぞーとらいんせん,4,NULL,NULL,NULL,0
31028,7b928f,近鉄内部線,きんてつうつべせん,8,21,NULL,NULL,0
31029,a8d277,近鉄八王子線,きんてつはちおうじせん,4,21,NULL,NULL,0
99654,761223,北近畿タンゴ鉄道宮津線,きたきんきたんごてつどうみやづせん,19,NULL,NULL,NULL,0
99655,9c642b,北近畿タンゴ鉄道宮福線,きたきんきたんごてつどうみやふくせん,14,NULL,NULL,NULL,0
99346,be0228,上野懸垂線(上野動物園モノレール),うえのけんすいせん(うえのどうぶつえんものれーる),2,119,NULL,NULL,0
11232,7bdaac,JR仙石東北ライン,じぇいあーるせんせきとうほくらいん,14,2,NULL,NULL,0
99219,7ea4bc,三陸鉄道南リアス線,さんりくてつどうみなみりあすせん,10,109,#008DD1,NULL,1