code,id,name,name_kana,name_formal,station_size,company_code,color,symbol,closed,closed_date,impl
1002,0096b0,東海道新幹線,とうかいどうしんかんせん,NULL,17,3,#0000FF,NULL,0,NULL,1
1003,4c9e90,山陽新幹線,さんようしんかんせん,NULL,19,4,#0000FF,NULL,0,NULL,1
1004,a719bd,東北新幹線,とうほくしんかんせん,NULL,23,2,#008000,NULL,0,NULL,1
1005,d4a3f7,上越新幹線,じょうえつしんかんせん,NULL,12,2,NULL,NULL,0,NULL,1
1006,0dd500,上越新幹線(上越線),じょうえつしんかんせん(じょうえつせん),上越新幹線(ガーラ湯沢支線),2,2,#00B3E6,NULL,0,NULL,1
1009,4e16d0,北陸新幹線,ほくりくしんかんせん,NULL,13,2,NULL,NULL,0,NULL,1
1010,6b44b9,九州新幹線,きゅうしゅうしんかんせん,NULL,12,6,#FF0000,NULL,0,NULL,1
1011,444fde,北海道新幹線,ほっかいどうしんかんせん,NULL,4,1,#2BC431,NULL,0,NULL,1
11101,aaa21c,JR函館本線(函館～長万部),じぇいあーるはこだてほんせん,NULL,38,1,#0072BC,NULL,0,NULL,1
11102,1eb104,JR函館本線(長万部～小樽),じぇいあーるはこだてほんせん,NULL,19,1,#ED1C23,S,0,NULL,1
11103,1f0306,JR函館本線(小樽～旭川),じぇいあーるはこだてほんせん,NULL,48,1,NULL,NULL,0,NULL,1
11104,823dfb,JR室蘭本線(長万部・室蘭～苫小牧),じぇいあーるむろらんほんせん,NULL,34,1,#0072BC,NULL,0,NULL,1
11105,96c7b5,JR室蘭本線(苫小牧～岩見沢),じぇいあーるむろらんほんせん,NULL,14,1,NULL,NULL,0,NULL,1
11106,60fdd0,JR根室本線(滝川～新得),じぇいあーるねむろほんせん,NULL,18,1,#F6989D,T,0,NULL,1
11107,17d497,JR根室本線(新得～釧路),じぇいあーるねむろほんせん,NULL,31,1,#8CC63E,K,0,NULL,1
11108,1ed5e3,JR根室本線(花咲線)(釧路～根室),じぇいあーるねむろほんせん(はなせきせん),JR根室本線(釧路～根室),21,1,NULL,NULL,0,NULL,1
11109,e4b697,JR千歳線,じぇいあーるちとせせん,NULL,22,1,NULL,NULL,0,NULL,1
11110,a8d423,JR石勝線,じぇいあーるせきしょうせん,NULL,15,1,#8CC63E,NULL,0,NULL,1
11111,2f359f,JR日高本線,じぇいあーるひだかほんせん,NULL,29,1,NULL,NULL,0,NULL,1
11112,f32e7c,JR札沼線,じぇいあーるさっしょうせん,NULL,42,1,#00A54F,NULL,0,NULL,1
11113,a45680,JR留萌本線,じぇいあーるるもいほんせん,NULL,20,1,NULL,NULL,0,NULL,1
11114,a2d866,JR富良野線,じぇいあーるふらのせん,NULL,18,1,#AA5EA6,F,0,NULL,1
11115,19f8a4,JR宗谷本線,じぇいあーるそうやほんせん,NULL,53,1,#954A35,NULL,0,NULL,1
11116,5c7488,JR石北本線,じぇいあーるせきほくほんせん,NULL,42,1,#F7931D,A,0,NULL,1
11117,1dc0f0,JR釧網本線,じぇいあーるせんもうほんせん,NULL,28,1,#EF59A1,NULL,0,NULL,1
11118,4030c3,JR海峡線,じぇいあーるかいきょうせん,NULL,5,1,#0099FF,NULL,1,2016-03-26,1
11119,0030da,JR江差線,じぇいあーるえさしせん,NULL,22,1,NULL,NULL,1,2016-03-26,1
11201,e27da6,JR東北本線(八戸～青森),じぇいあーるとうほくほんせん,NULL,20,2,#008000,NULL,1,2010-12-04,1
11202,0494a8,JR奥羽本線(新庄～青森),じぇいあーるおううほんせん,NULL,67,2,#FF6600,NULL,0,NULL,1
11231,6d00c9,JR東北本線(黒磯～利府・盛岡),じぇいあーるとうほくほんせん,NULL,85,2,#3CB371,NULL,0,NULL,1
11203,ddb025,JR大湊線(はまなすベイライン大湊線),じぇいあーるおおみなとせん,JR大湊線,11,2,#F1AA28,NULL,0,NULL,1
11204,0fd853,JR五能線,じぇいあーるごのうせん,NULL,43,2,#0C7AAD,NULL,0,NULL,1
11205,6d21eb,JR津軽線,じぇいあーるつがるせん,NULL,18,2,#15A2C4,NULL,0,NULL,1
11206,c2efc5,JR八戸線,じぇいあーるはちのへせん,NULL,24,2,#E93920,NULL,0,NULL,1
11207,0597e3,JR岩泉線,じぇいあーるいわいずみせん,NULL,9,2,#808080,NULL,1,2014-04-01,1
11208,8cbf9c,JR大船渡線(ドラゴンレール大船渡線),じぇいあーるおおふなとせん,JR大船渡線,39,2,#F18E44,NULL,0,NULL,1
11209,7b973e,JR釜石線(銀河ドリームライン釜石線),じぇいあーるかまいしせん,JR釜石線,24,2,#0073BF,NULL,0,NULL,1
11210,862068,JR北上線,じぇいあーるきたかみせん,NULL,17,2,#851A72,NULL,0,NULL,1
11211,02c554,JR田沢湖線,じぇいあーるたざわこせん,NULL,17,2,#9D72B0,NULL,0,NULL,1
11212,11653a,JR花輪線(十和田八幡平四季彩ライン),じぇいあーるはなわせん(とわだはちまんたいしきさいらいん),JR花輪線,27,2,#FF0000,NULL,0,NULL,1
11213,0de295,JR山田線,じぇいあーるやまだせん,NULL,18,2,#CD7A1E,NULL,0,NULL,1
11214,ca35da,JR羽越本線,じぇいあーるうえつほんせん,NULL,60,2,#75C8FF,NULL,0,NULL,1
11215,7d26f1,JR男鹿線,じぇいあーるおがせん,NULL,9,2,#36823E,NULL,0,NULL,1
11216,e4029b,JR奥羽本線(山形線)(福島～新庄),じぇいあーるおううほんせん,JR奥羽本線(福島～新庄),36,2,#FFA030,NULL,0,NULL,1
11217,e1c3cf,JR仙山線,じぇいあーるせんざんせん,NULL,20,2,#72BC4A,NULL,0,NULL,1
11218,a0f0a8,JR左沢線(フルーツライン左沢線),じぇいあーるあてらざわせん(ふるーつらいんあてらざわせん),JR左沢線,12,2,#0073BF,NULL,0,NULL,1
11219,85eecb,JR米坂線,じぇいあーるよねさかせん,NULL,20,2,#9E7EB9,NULL,0,NULL,1
11220,1c6980,JR陸羽西線(奥の細道最上川ライン),じぇいあーるりくうさいせん(おくのほそみちもがみがわらいん),JR陸羽西線,10,2,#6FBF7F,NULL,0,NULL,1
11221,9c74cc,JR陸羽東線(奥の細道湯けむりライン),じぇいあーるりくうとうせん(おくのほそみちゆけむりらいん),JR陸羽東線,27,2,#888888,NULL,0,NULL,1
11222,8ad2ff,JR仙石線,じぇいあーるせんせきせん,NULL,32,2,#00AAEE,NULL,0,NULL,1
11223,4ed3cd,JR石巻線,じぇいあーるいしのまきせん,NULL,14,2,#ED77A4,NULL,0,NULL,1
11224,b999b1,JR気仙沼線,じぇいあーるけせんぬません,NULL,27,2,NULL,NULL,0,NULL,1
11225,c7cf37,JR磐越西線(郡山～会津若松),じぇいあーるばんえつさいせん,NULL,16,2,#CB7B35,NULL,0,NULL,1
11226,bf4f66,JR磐越西線(森と水とロマンの鉄道),じぇいあーるばんえつさいせん(もりとみずとろまんのてつどう),NULL,28,2,#CB7B35,NULL,0,NULL,1
11227,1445ab,JR只見線,じぇいあーるただみせん,NULL,38,2,#008DD1,NULL,0,NULL,1
11228,90cd89,JR磐越東線(ゆうゆうあぶくまライン),じぇいあーるばんえつとうせん,JR磐越東線,16,2,#C71585,NULL,0,NULL,1
11229,e785de,JR常磐線(取手～いわき),じぇいあーるじょうばんせん,NULL,35,2,#3333FF,NULL,0,NULL,1
11230,f75599,JR常磐線(いわき～仙台),じぇいあーるじょうばんせん,NULL,35,2,#3333FF,NULL,0,NULL,1
11301,ff8c6a,JR東海道本線(東京～熱海),じぇいあーるとうかいどうほんせん,NULL,21,2,#F68B1E,JT,0,NULL,1
11302,39b88f,JR山手線,じぇいあーるやまのてせん,NULL,30,2,#9ACD32,JY,0,NULL,1
11303,91c205,JR南武線,じぇいあーるなんぶせん,NULL,30,2,#FFD400,JN,0,NULL,1
11304,66f6db,JR鶴見線,じぇいあーるつるみせん,NULL,13,2,#FFD400,JI,0,NULL,1
11305,dc7c53,JR武蔵野線,じぇいあーるむさしのせん,NULL,27,2,#F15A22,JM,0,NULL,1
11306,69b0a0,JR横浜線,じぇいあーるよこはません,NULL,20,2,#9ACD32,JH,0,NULL,1
11307,376e23,JR根岸線,じぇいあーるねぎしせん,NULL,12,2,#00B2E5,JK,0,NULL,1
11308,a048fc,JR横須賀線,じぇいあーるよこすかせん,NULL,19,2,#007AC0,JO,0,NULL,1
11309,e80090,JR相模線,じぇいあーるさがみせん,NULL,19,2,#009793,NULL,0,NULL,1
11311,833adc,JR中央本線(東京～塩尻),じぇいあーるちゅうおうほんせん,NULL,53,2,#0000FF,NULL,0,NULL,1
11312,58158b,JR中央線(快速),じぇいあーるちゅうおうせん,NULL,24,2,#F15A22,JC,0,NULL,1
11313,bacc17,JR中央・総武線,じぇいあーるちゅうおう・そうぶせん,JR中央・総武緩行線,39,2,#FFD400,JB,0,NULL,1
11314,fdcd01,JR総武本線,じぇいあーるそうぶほんせん,NULL,31,2,#FFC20D,NULL,0,NULL,1
11315,4cc2c7,JR青梅線,じぇいあーるおうめせん,NULL,25,2,#F15A22,JC,0,NULL,1
11316,f40a7c,JR五日市線,じぇいあーるいつかいちせん,NULL,8,2,#F15A22,JC,0,NULL,1
11317,0b3cc9,JR八高線(八王子～高麗川),じぇいあーるはちこうせん,NULL,9,2,#A8A39D,NULL,0,NULL,1
11318,5aee92,JR八高線(高麗川～高崎),じぇいあーるはちこうせん,NULL,16,2,#A8A39D,NULL,0,NULL,1
11319,2d2b3a,JR東北本線(宇都宮線),じぇいあーるとうほくほんせん,JR東北本線,33,2,#F68B1E,JU,0,NULL,1
11320,02d454,JR常磐線(上野～取手),じぇいあーるじょうばんせん,NULL,19,2,#00B261,NULL,0,NULL,1
11321,ea7240,JR埼京線,じぇいあーるさいきょうせん,NULL,19,2,#00B48D,JA,0,NULL,1
11322,15a08a,JR川越線,じぇいあーるかわごえせん,NULL,11,2,NULL,NULL,0,NULL,1
11323,e31da4,JR高崎線,じぇいあーるたかさきせん,NULL,24,2,#F68B1E,JU,0,NULL,1
11324,baba65,JR外房線,じぇいあーるそとぼうせん,NULL,27,2,#DB4028,NULL,0,NULL,1
11325,c628ee,JR内房線,じぇいあーるうちぼうせん,NULL,32,2,#00BFFF,NULL,0,NULL,1
11326,c930f9,JR京葉線,じぇいあーるけいようせん,NULL,17,2,#C9242F,JE,0,NULL,1
11327,f204e9,JR成田線,じぇいあーるなりたせん,NULL,28,2,#000000,JO,0,NULL,1
11328,859601,JR成田エクスプレス,じぇいあーるなりたえくすぷれす,NULL,21,2,NULL,NULL,0,NULL,1
11329,7fe2ca,JR鹿島線,じぇいあーるかしません,NULL,7,2,#C56E2E,NULL,0,NULL,1
11330,a3fab8,JR久留里線,じぇいあーるくるりせん,NULL,14,2,#00AC97,NULL,0,NULL,1
11331,d88aa7,JR東金線,じぇいあーるとうがねせん,NULL,5,2,#F15A22,NULL,0,NULL,1
11332,69d2d0,JR京浜東北線,じぇいあーるけいひんとうほくせん,NULL,36,2,#00B2E5,JK,0,NULL,1
11333,f8787b,JR湘南新宿ライン,じぇいあーるしょうなんしんじゅくらいん,NULL,16,2,#E21F26,JS,0,NULL,1
11343,d11c9e,JR上野東京ライン,じぇいあーるうえのとうきょうらいん,上野東京ライン,2,2,#F68B1E,JU,0,NULL,1
11334,771730,JR烏山線,じぇいあーるからすやません,NULL,8,2,#008000,NULL,0,NULL,1
11335,d103e5,JR吾妻線,じぇいあーるあがつません,NULL,19,2,#0F5474,NULL,0,NULL,1
11337,3b609e,JR信越本線,じぇいあーるしんえつほんせん,NULL,8,2,#9ACD32,NULL,0,NULL,1
11338,0f46c5,JR水郡線,じぇいあーるすいぐんせん,NULL,46,2,#368C44,NULL,0,NULL,1
11339,26e059,JR水戸線,じぇいあーるみとせん,NULL,16,2,#3333FF,NULL,0,NULL,1
11340,59cb13,JR日光線,じぇいあーるにっこうせん,NULL,7,2,#880022,NULL,0,NULL,1
11341,e9e076,JR両毛線,じぇいあーるりょうもうせん,NULL,22,2,#FFFF00,NULL,0,NULL,1
11342,1d2d8b,JR上越線,じぇいあーるじょうえつせん,NULL,36,2,#00B3E6,NULL,0,NULL,1
11401,b7288e,JR小海線(八ヶ岳高原線),じぇいあーるこうみせん(やつがたけこうげんせん),JR小海線,31,2,#008000,NULL,0,NULL,1
11402,b3c630,JR身延線,じぇいあーるみのぶせん,NULL,39,3,NULL,NULL,0,NULL,1
11403,36c983,JR信越本線(篠ノ井～長野),じぇいあーるしんえつほんせん,NULL,5,2,#00BFFF,NULL,0,NULL,1
11404,df8569,JR信越本線(直江津～新潟),じぇいあーるしんえつほんせん,NULL,42,2,#00B3E6,NULL,0,NULL,1
11405,17da13,JR北陸本線(富山～直江津),じぇいあーるほくりくほんせん,NULL,24,4,NULL,NULL,1,2015-03-14,1
11406,ea45bc,JR白新線,じぇいあーるはくしんせん,NULL,10,2,#F387B7,NULL,0,NULL,1
11407,24151f,JR飯山線,じぇいあーるいいやません,NULL,31,2,#9ACD32,NULL,0,NULL,1
11408,3d62cd,JR越後線,じぇいあーるえちごせん,NULL,32,2,#40934D,NULL,0,NULL,1
11409,061970,JR大糸線,じぇいあーるおおいとせん,NULL,42,2,#9370DB,NULL,0,NULL,1
11410,01316a,JR弥彦線,じぇいあーるやひこせん,NULL,11,2,#922790,NULL,0,NULL,1
11411,c4c71b,JR中央本線(名古屋～塩尻),じぇいあーるちゅうおうほんせん,NULL,40,3,#3B6C9C,CF,0,NULL,1
11412,a44152,JR篠ノ井線,じぇいあーるしののいせん,NULL,15,2,#F77321,NULL,0,NULL,1
11413,a0c4b3,JR飯田線(豊橋～天竜峡),じぇいあーるいいだせん,NULL,51,3,#87CEEB,CD,0,NULL,1
11414,e23796,JR飯田線(天竜峡～辰野),じぇいあーるいいだせん,NULL,44,3,#87CEEB,CD,0,NULL,1
11415,0a8372,JR北陸本線(米原～金沢),じぇいあーるほくりくほんせん,NULL,43,4,NULL,NULL,0,NULL,1
11416,7e050d,JR高山本線,じぇいあーるたかやまほんせん,NULL,45,3,NULL,CG,0,NULL,1
11417,eb96b5,JR城端線,じぇいあーるじょうはなせん,NULL,14,4,NULL,NULL,0,NULL,1
11418,ec058d,JR氷見線,じぇいあーるひみせん,NULL,8,4,NULL,NULL,0,NULL,1
11419,669cf3,JR七尾線,じぇいあーるななおせん,NULL,20,4,#B7282E,NULL,0,NULL,1
11421,447d7f,JR越美北線(九頭竜線),じぇいあーるえつみほくせん(くずりゅうせん),JR越美北線,23,4,NULL,NULL,0,NULL,1
11422,732431,JR小浜線,じぇいあーるおばません,NULL,24,4,NULL,NULL,0,NULL,1
11501,383001,JR東海道本線(熱海～浜松),じぇいあーるとうかいどうほんせん,NULL,35,3,#F57615,CA,0,NULL,1
11502,159e94,JR東海道本線(浜松～岐阜),じぇいあーるとうかいどうほんせん,NULL,41,3,#F57615,CA,0,NULL,1
11503,d27067,JR東海道本線(岐阜～美濃赤坂・米原),じぇいあーるとうかいどうほんせん,NULL,12,3,#F57615,CA,0,NULL,1
11504,b2110b,JR伊東線,じぇいあーるいとうせん,NULL,6,2,#F68B1E,NULL,0,NULL,1
11505,3bec94,JR御殿場線,じぇいあーるごてんばせん,NULL,19,3,#247B30,CB,0,NULL,1
11506,8d391a,JR武豊線,じぇいあーるたけとよせん,NULL,10,3,NULL,CE,0,NULL,1
11507,8031dd,JR太多線,じぇいあーるたいたせん,NULL,8,3,#BFBA2F,CI,0,NULL,1
11508,146fd6,JR関西本線(名古屋～亀山),じぇいあーるかんさいほんせん,NULL,18,3,#3DBC87,CJ,0,NULL,1
11509,10f069,JR関西本線(亀山～加茂),じぇいあーるかんさいほんせん,NULL,12,4,#5726B7,V,0,NULL,1
11510,d1a3fc,JR紀勢本線,じぇいあーるきせいほんせん,NULL,41,3,NULL,NULL,0,NULL,1
11511,34383f,JR草津線,じぇいあーるくさつせん,NULL,11,4,#5A9934,C,0,NULL,1
11512,b1c370,JR参宮線,じぇいあーるさんぐうせん,NULL,11,3,NULL,NULL,0,NULL,1
11513,053b08,JR名松線,じぇいあーるめいしょうせん,NULL,15,3,NULL,NULL,0,NULL,1
11601,314055,JR東海道本線(琵琶湖線)(米原～京都),じぇいあーるとうかいどうほんせん(びわこせん),JR東海道本線(米原～京都),20,4,#0072BC,A,0,NULL,1
11602,a0face,JR東海道本線(京都線)(京都～大阪),じぇいあーるとうかいどうほんせん(きょうとせん),JR東海道本線(京都～大阪),17,4,#0072BC,A,0,NULL,1
11603,8d61a7,JR東海道本線(神戸線)(大阪～神戸),じぇいあーるとうかいどうほんせん(こうべせん),JR東海道本線(大阪～神戸),17,4,#0072BC,A,0,NULL,1
11605,acd783,JR湖西線,じぇいあーるこせいせん,NULL,22,4,#00ACD1,B,0,NULL,1
11607,32f472,JR関西本線(大和路線)(加茂～ＪＲ難波),じぇいあーるかんさいほんせん(やまとじせん),JR関西本線(加茂～ＪＲ難波),22,4,#00B17B,Q,0,NULL,1
11608,eb7489,JR山陽本線(神戸線)(神戸～姫路),じぇいあーるさんようほんせん(こうべせん),JR山陽本線(神戸～姫路),23,4,#0072BC,A,0,NULL,1
11609,8dcc61,JR山陽本線(姫路～岡山),じぇいあーるさんようほんせん,NULL,19,4,NULL,NULL,0,NULL,1
11610,ee50a1,JR山陽本線(岡山～三原),じぇいあーるさんようほんせん,NULL,20,4,#009966,NULL,0,NULL,1
11611,2cffe5,JR山陽本線(三原～岩国),じぇいあーるさんようほんせん,NULL,31,4,NULL,NULL,0,NULL,1
11612,d24f07,JR山陽本線(岩国～門司),じぇいあーるさんようほんせん,NULL,37,4,NULL,NULL,0,NULL,1
11613,41516e,JR山陽本線(兵庫～和田岬),じぇいあーるさんようほんせん,NULL,2,4,NULL,NULL,0,NULL,1
11614,1e4dc2,JR山陰本線(嵯峨野線)(京都～園部),じぇいあーるさんいんほんせん(さがのせん),JR山陰本線(京都～園部),16,4,#878DDC,E,0,NULL,1
11615,6eedcc,JR山陰本線(園部～豊岡),じぇいあーるさんいんほんせん,NULL,24,4,#878DDC,E,0,NULL,1
11616,fe4ba9,JR山陰本線(豊岡～米子),じぇいあーるさんいんほんせん,NULL,41,4,#B8D200,NULL,0,NULL,1
11617,f1b0e1,JR片町線(学研都市線),じぇいあーるかたまちせん,JR片町線,24,4,#FF1493,H,0,NULL,1
11618,3d4054,JR奈良線,じぇいあーるならせん,奈良線,21,4,#AA731C,D,0,NULL,1
11622,5c7e2c,JR舞鶴線,じぇいあーるまいづるせん,NULL,11,4,#FF8E1F,L,0,NULL,1
11623,56c24a,JR大阪環状線,じぇいあーるおおさかかんじょうせん,大阪環状線,19,4,#E80000,O,0,NULL,1
11624,d6834a,JR桜島線(ゆめ咲線),じぇいあーるさくらじません(ゆめさきせん),JR桜島線,4,4,#0A318E,P,0,NULL,1
11625,5aa1c4,JR東西線,じぇいあーるとうざいせん,NULL,9,4,#FF1493,H,0,NULL,1
11626,983ea4,JR阪和線(天王寺～和歌山),じぇいあーるはんわせん,阪和線(天王寺～和歌山),35,4,#FF6600,R,0,NULL,1
11627,6d4c22,JR阪和線(鳳～東羽衣),じぇいあーるはんわせん,阪和線(鳳～東羽衣),2,4,NULL,NULL,0,NULL,1
11628,0ce7f7,JR関西空港線,じぇいあーるかんさいくうこうせん,NULL,3,4,#0072BC,S,0,NULL,1
11629,c96cfb,JR福知山線(宝塚線)(新大阪～篠山口),じぇいあーるふくちやません(たからづかせん),JR福知山線(新大阪～篠山口),25,4,#FFBA00,G,0,NULL,1
11630,2ab61b,JR福知山線(篠山口～福知山),じぇいあーるふくちやません,福知山線(篠山口～福知山),10,4,#FFBA00,G,0,NULL,1
11631,b88e21,JR赤穂線,じぇいあーるあこうせん,NULL,22,4,NULL,NULL,0,NULL,1
11632,22fa1e,JR加古川線,じぇいあーるかこがわせん,NULL,21,4,#00BAA5,I,0,NULL,1
11633,7120e4,JR姫新線(姫路～佐用),じぇいあーるきしんせん,NULL,12,4,#FF593E,K,0,NULL,1
11634,13eb4d,JR姫新線(佐用～新見),じぇいあーるきしんせん,NULL,25,4,#FF593E,K,0,NULL,1
11635,b7db06,JR播但線,じぇいあーるばんたんせん,NULL,21,4,#A52F5D,J,0,NULL,1
11636,976f28,JR和歌山線,じぇいあーるわかやません,NULL,36,4,#F79FBA,T,0,NULL,1
11637,128cba,JR桜井線,じぇいあーるさくらいせん,桜井線,14,4,#A0283A,U,0,NULL,1
11639,e2d8c3,JR紀勢本線(きのくに線)(新宮～和歌山),じぇいあーるきせいほんせん,JR紀勢本線(新宮～和歌山),54,4,#00B1C2,W,0,NULL,1
11640,db091c,JR紀勢本線(和歌山～和歌山市),じぇいあーるきせいほんせん,紀勢本線(和歌山～和歌山市),3,4,NULL,NULL,0,NULL,1
11641,762ba7,JRおおさか東線,じぇいあーるおおさかひがしせん,おおさか東線,14,4,#347293,F,0,NULL,1
11701,6cbdb8,JR山陰本線(米子～益田),じぇいあーるさんいんほんせん,NULL,45,4,#F26122,D,0,NULL,1
11702,488249,JR山陰本線(益田・仙崎～下関),じぇいあーるさんいんほんせん,JR山陰本線(益田～下関),40,4,#7E733D,NULL,0,NULL,1
11703,8b37eb,JR伯備線,じぇいあーるはくびせん,NULL,33,4,#35934A,V,0,NULL,1
11704,363854,JR因美線,じぇいあーるいんびせん,NULL,20,4,#996633,B,0,NULL,1
11705,487650,JR境線,じぇいあーるさかいせん,NULL,16,4,#0066B3,C,0,NULL,1
11706,749826,JR木次線,じぇいあーるきすきせん,NULL,18,4,#FFC20E,E,0,NULL,1
11707,deb7cb,JR三江線,じぇいあーるさんこうせん,NULL,35,4,#00B2E5,F,1,2018-04-01,1
11708,d4f99a,JR山口線,じぇいあーるやまぐちせん,NULL,28,4,#F37052,NULL,0,NULL,1
11709,5263fd,JR宇野線,じぇいあーるうのせん,NULL,15,4,NULL,NULL,0,NULL,1
11710,fb8bae,JR本四備讃線(瀬戸大橋線),じぇいあーるほんしびさんせん(せとおおはしせん),JR本四備讃線,6,4,#0040FF,M,0,NULL,1
11713,2b879e,JR吉備線,じぇいあーるきびせん,NULL,10,4,#F6A4B4,U,0,NULL,1
11714,63f169,JR芸備線,じぇいあーるげいびせん,NULL,46,4,#8F7DB9,P,0,NULL,1
11715,89b800,JR津山線,じぇいあーるつやません,NULL,17,4,#FDBD18,T,0,NULL,1
11716,cf673d,JR呉線,じぇいあーるくれせん,NULL,32,4,#FFA500,Y,0,NULL,1
11717,baa13b,JR可部線,じぇいあーるかべせん,NULL,37,4,#09C0B0,B,0,NULL,1
11720,c0fa44,JR福塩線,じぇいあーるふくえんせん,NULL,31,4,#49479E,Z,0,NULL,1
11721,1be1cb,JR宇部線,じぇいあーるうべせん,NULL,18,4,#B02857,NULL,0,NULL,1
11722,7ccdaa,JR美祢線,じぇいあーるみねせん,NULL,13,4,#D6007F,NULL,0,NULL,1
11723,b9a0cd,JR小野田線,じぇいあーるおのだせん,NULL,12,4,#695FAA,NULL,0,NULL,1
11724,7d00ac,JR岩徳線,じぇいあーるがんとくせん,NULL,16,4,#00A663,NULL,0,NULL,1
11801,09faa3,JR土讃線,じぇいあーるどさんせん,NULL,61,5,#FF3399,NULL,0,NULL,1
11802,030e39,JR高徳線,じぇいあーるこうとくせん,NULL,29,5,#8AC53E,T,0,NULL,1
11803,318b6c,JR徳島線(よしの川ブルーライン),じぇいあーるとくしません,JR徳島線,26,5,#4A92B7,B,0,NULL,1
11804,9b8bf5,JR牟岐線,じぇいあーるむぎせん,NULL,29,5,#00B5AD,M,0,NULL,1
11805,f256b8,JR鳴門線,じぇいあーるなるとせん,NULL,7,5,#8C2C5F,N,0,NULL,1
11806,96e4ef,JR予讃線,じぇいあーるよさんせん,NULL,57,5,#FF9900,Y,0,NULL,1
11807,4993bb,JR予讃・内子線,じぇいあーるよさん・うちこせん,NULL,41,5,NULL,NULL,0,NULL,1
11808,4d4ab7,JR予土線(しまんとグリーンライン),じぇいあーるよどせん,JR予土線,22,5,#009257,G,0,NULL,1
11901,e207bb,JR博多南線,じぇいあーるはかたみなみせん,NULL,2,4,NULL,NULL,0,NULL,1
11902,589202,JR鹿児島本線(下関・門司港～博多),じぇいあーるかごしまほんせん,NULL,33,6,NULL,NULL,0,NULL,1
11903,22432c,JR鹿児島本線(博多～八代),じぇいあーるかごしまほんせん,NULL,51,6,NULL,NULL,0,NULL,1
11904,e12def,JR鹿児島本線(川内～鹿児島),じぇいあーるかごしまほんせん,NULL,14,6,NULL,NULL,0,NULL,1
11905,5df168,JR長崎本線(鳥栖～長崎),じぇいあーるながさきほんせん,NULL,43,6,NULL,NULL,0,NULL,1
11906,3b7fca,JR日豊本線(門司港～佐伯),じぇいあーるにっぽうほんせん,NULL,60,6,NULL,NULL,0,NULL,1
11907,f7aa6c,JR日豊本線(佐伯～鹿児島中央),じぇいあーるにっぽうほんせん,NULL,56,6,NULL,NULL,0,NULL,1
11908,08dc5a,JR篠栗線(福北ゆたか線),じぇいあーるささぐりせん(ふくほくゆたかせん),JR篠栗線,12,6,#FFFF00,NULL,0,NULL,1
11909,81b9fd,JR筑肥線(姪浜～西唐津),じぇいあーるちくひせん,NULL,31,6,NULL,JK,0,NULL,1
11910,89cfe2,JR筑豊本線(若松線)(若松～折尾),じぇいあーるちくほうほんせん(わかまつせん),JR筑豊本線(若松～折尾),6,6,NULL,NULL,0,NULL,1
11911,dd8b48,JR筑豊本線(福北ゆたか線)(折尾～桂川),じぇいあーるちくほうほんせん(ふくほくゆたかせん),JR筑豊本線(折尾～桂川),16,6,#FFFF00,NULL,0,NULL,1
11912,d86e65,JR筑豊本線(原田線)(桂川～原田),じぇいあーるちくほうほんせん(はるだせん),JR筑豊本線(桂川～原田),5,6,NULL,NULL,0,NULL,1
11913,71dd92,JR久大本線(ゆふ高原線),じぇいあーるきゅうだいほんせん(ゆふこうげんせん),JR久大本線,37,6,NULL,NULL,0,NULL,1
11914,7133be,JR日田彦山線,じぇいあーるひたひこさんせん,NULL,29,6,NULL,NULL,0,NULL,1
11915,49a39a,JR後藤寺線,じぇいあーるごとうじせん,NULL,6,6,NULL,NULL,0,NULL,1
11916,49d4f8,JR香椎線(海の中道線)(西戸崎～香椎),じぇいあーるかしいせん(うみのなかみちせん),JR香椎線(西戸崎～香椎),6,6,NULL,NULL,0,NULL,1
11917,310de4,JR香椎線(香椎～宇美),じぇいあーるかしいせん,NULL,11,6,NULL,NULL,0,NULL,1
11918,0e9ae7,JR佐世保線,じぇいあーるさせぼせん,NULL,14,6,NULL,NULL,0,NULL,1
11920,7f6e89,JR筑肥線(西唐津～伊万里),じぇいあーるちくひせん,NULL,14,6,NULL,NULL,0,NULL,1
11921,e40e93,JR唐津線,じぇいあーるからつせん,NULL,18,6,NULL,NULL,0,NULL,1
11922,4b2c53,JR大村線,じぇいあーるおおむらせん,NULL,13,6,NULL,NULL,0,NULL,1
11923,3e398b,JR豊肥本線(阿蘇高原線),じぇいあーるほうひほんせん(あそこうげんせん),JR豊肥本線,37,6,NULL,NULL,0,NULL,1
11924,63faed,JR三角線,じぇいあーるみすみせん,NULL,13,6,NULL,NULL,0,NULL,1
11925,69939b,JR肥薩線(えびの高原線)(八代～吉松),じぇいあーるひさつせん(えびのこうげんせん),JR肥薩線(八代～吉松),19,6,NULL,NULL,0,NULL,1
11926,7a2ce3,JR肥薩線(吉松～隼人),じぇいあーるひさつせん,NULL,10,6,NULL,NULL,0,NULL,1
11927,c7fd20,JR宮崎空港線,じぇいあーるみやざきくうこうせん,NULL,4,6,NULL,NULL,0,NULL,1
11928,2c2d5d,JR日南線,じぇいあーるにちなんせん,NULL,29,6,NULL,NULL,0,NULL,1
11929,9429c7,JR吉都線(えびの高原線),じぇいあーるきっとせん(えびのこうげんせん),JR吉都線,17,6,NULL,NULL,0,NULL,1
11930,91970b,JR指宿枕崎線,じぇいあーるいぶすきまくらざきせん,NULL,36,6,NULL,NULL,0,NULL,1
21001,4a0af8,東武東上線,とうぶとうじょうせん,NULL,39,11,#004098,TJ,0,NULL,1
21002,5ea11b,東武伊勢崎線,とうぶいせさきせん,NULL,56,11,NULL,NULL,0,NULL,1
21003,86d172,東武日光線,とうぶにっこうせん,NULL,26,11,#FF8000,TN,0,NULL,1
21004,ceacd5,東武野田線,とうぶのだせん,NULL,35,11,#33CCCC,TD,0,NULL,1
21005,7bff80,東武亀戸線,とうぶかめいどせん,NULL,5,11,#0F6CC3,TS,0,NULL,1
21006,2ce92f,東武大師線,とうぶたいしせん,NULL,2,11,#0F6CC3,TS,0,NULL,1
21007,893ea5,東武越生線,とうぶおごせせん,NULL,8,11,#004098,TJ,0,NULL,1
21008,dcf19c,東武宇都宮線,とうぶうつのみやせん,NULL,12,11,#FF8000,TN,0,NULL,1
21009,fc0073,東武鬼怒川線,とうぶきぬがわせん,NULL,9,11,#FFA500,TN,0,NULL,1
21010,433e06,東武佐野線,とうぶさのせん,NULL,10,11,#FF0000,TI,0,NULL,1
21011,d335b9,東武桐生線,とうぶきりゅうせん,NULL,8,11,#FF0000,TI,0,NULL,1
21012,d676de,東武小泉線,とうぶこいずみせん,NULL,9,11,#FF0000,TI,0,NULL,1
22001,a92a6a,西武池袋線,せいぶいけぶくろせん,NULL,32,12,#FF6600,SI,0,NULL,1
22002,7684e3,西武秩父線,せいぶちちぶせん,NULL,6,12,#FF6600,SI,0,NULL,1
22003,e3bb40,西武有楽町線,せいぶゆうらくちょうせん,NULL,3,12,#FF6600,SI,0,NULL,1
22004,dcd737,西武豊島線,せいぶとしません,NULL,2,12,#FF6600,SI,0,NULL,1
22005,e8ac68,西武狭山線,せいぶさやません,NULL,3,12,#FF6600,SI,0,NULL,1
22006,6325b3,西武山口線,せいぶやまぐちせん,NULL,3,12,#FF3333,SY,0,NULL,1
22007,26978d,西武新宿線,せいぶしんじゅくせん,NULL,29,12,#0099CC,SS,0,NULL,1
22008,08c57f,西武拝島線,せいぶはいじません,NULL,8,12,#0099CC,SS,0,NULL,1
22009,3f4777,西武西武園線,せいぶせいぶえんせん,NULL,2,12,#33CC66,SK,0,NULL,1
22010,8093d6,西武国分寺線,せいぶこくぶんじせん,NULL,5,12,#32CD32,SK,0,NULL,1
22011,1e719e,西武多摩湖線,せいぶたまこせん,NULL,8,12,#FFCC33,ST,0,NULL,1
22012,aa7bb3,西武多摩川線,せいぶたまがわせん,NULL,6,12,#FF6600,SW,0,NULL,1
23001,8d594c,京成本線,けいせいほんせん,NULL,45,13,#005AAA,KS,0,NULL,1
23002,5f43f1,京成押上線,けいせいおしあげせん,NULL,7,13,#005AAA,KS,0,NULL,1
23003,e253b9,京成金町線,けいせいかなまちせん,NULL,3,13,#005AAA,KS,0,NULL,1
23004,e62070,京成千葉線,けいせいちばせん,NULL,10,13,#005AAA,KS,0,NULL,1
23005,2b2d84,京成千原線,けいせいちはらせん,NULL,6,13,#005AAA,KS,0,NULL,1
23006,c8468c,京成成田空港線(成田スカイアクセス),けいせいなりたくうこうせん(なりたすかいあくせす),京成成田空港線,11,13,#FF8620,KS,0,NULL,1
24001,a5656b,京王京王線,けいおうけいおうせん,京王線,34,14,#DD3377,KO,0,NULL,1
24002,dbc973,京王相模原線,けいおうさがみはらせん,NULL,12,14,#DD3377,KO,0,NULL,1
24003,550f60,京王高尾線,けいおうたかおせん,NULL,7,14,#DD3377,KO,0,NULL,1
24004,6ae809,京王競馬場線,けいおうけいばじょうせん,NULL,2,14,#DD3377,KO,0,NULL,1
24005,5b2e9a,京王動物園線,けいおうどうぶつえんせん,NULL,2,14,#DD3377,KO,0,NULL,1
24006,51fa1a,京王井の頭線,けいおういのがしらせん,NULL,17,14,#333388,IN,0,NULL,1
25001,cd858f,小田急小田原線,おだきゅうおだわらせん,NULL,47,15,#2288CC,OH,0,NULL,1
25002,135c5c,小田急江ノ島線,おだきゅうえのしません,NULL,17,15,#2288CC,OE,0,NULL,1
25003,605584,小田急多摩線,おだきゅうたません,NULL,8,15,#2288CC,OT,0,NULL,1
26001,65fc8e,東急東横線,とうきゅうとうよこせん,NULL,21,16,#DA0442,TY,0,NULL,1
26002,982d8a,東急目黒線,とうきゅうめぐろせん,NULL,13,16,#009CD2,MG,0,NULL,1
26003,63dcc7,東急田園都市線,とうきゅうでんえんとしせん,NULL,27,16,#38B48B,DT,0,NULL,1
26004,1da7e0,東急大井町線,とうきゅうおおいまちせん,NULL,18,16,#F18C43,OM,0,NULL,1
26005,cf8aa8,東急池上線,とうきゅういけがみせん,NULL,15,16,#EE86A7,IK,0,NULL,1
26006,3d7165,東急多摩川線,とうきゅうたまがわせん,NULL,7,16,#AE0378,TM,0,NULL,1
26007,0477d1,東急世田谷線,とうきゅうせたがやせん,NULL,10,16,#FCC70D,SG,0,NULL,1
26008,fe06ac,東急こどもの国線,とうきゅうこどものくにせん,NULL,3,16,#0068B7,KD,0,NULL,1
27001,8f85fa,京急本線,けいきゅうほんせん,NULL,50,17,#00BFFF,KK,0,NULL,1
27002,cd1b4a,京急空港線,けいきゅうくうこうせん,NULL,7,17,#00BFFF,KK,0,NULL,1
27003,c7fc45,京急大師線,けいきゅうたいしせん,NULL,7,17,#00BFFF,KK,0,NULL,1
27004,e3f69f,京急逗子線,けいきゅうずしせん,NULL,4,17,#00BFFF,KK,0,NULL,1
27005,1965a8,京急久里浜線,けいきゅうくりはません,NULL,9,17,#00BFFF,KK,0,NULL,1
28001,e5308b,東京メトロ銀座線,とうきょうめとろぎんざせん,NULL,19,18,#F39700,G,0,NULL,1
28002,663030,東京メトロ丸ノ内線,とうきょうめとろまるのうちせん,NULL,28,18,#E60012,NULL,0,NULL,1
28003,14d1ab,東京メトロ日比谷線,とうきょうめとろひびやせん,NULL,22,18,#9CAEB7,H,0,NULL,1
28004,63424b,東京メトロ東西線,とうきょうめとろとうざいせん,NULL,23,18,#00A7DB,T,0,NULL,1
28005,f98afc,東京メトロ千代田線,とうきょうめとろちよだせん,NULL,20,18,#009944,C,0,NULL,1
28006,1e4559,東京メトロ有楽町線,とうきょうめとろゆうらくちょうせん,NULL,24,18,#D7C447,Y,0,NULL,1
28008,0fde40,東京メトロ半蔵門線,とうきょうめとろはんぞうもんせん,NULL,14,18,#800080,Z,0,NULL,1
28009,3ab722,東京メトロ南北線,とうきょうめとろなんぼくせん,NULL,19,18,#00A968,N,0,NULL,1
28010,e98d36,東京メトロ副都心線,とうきょうめとろふくとしんせん,NULL,16,18,#BB641D,F,0,NULL,1
29001,7410d9,相鉄本線,そうてつほんせん,NULL,18,19,#2288CC,SO,0,NULL,1
29002,a3ba62,相鉄いずみ野線,そうてついずみのせん,NULL,8,19,#2288CC,SO,0,NULL,1
29003,d931ec,相鉄新横浜線,そうてつしんよこはません,NULL,2,19,#2288CC,SO,0,NULL,1
30001,18140a,名鉄名古屋本線,めいてつなごやほんせん,NULL,60,20,#DC143C,NH,0,NULL,1
30002,23e75e,名鉄豊川線,めいてつとよかわせん,NULL,5,20,#DC143C,TK,0,NULL,1
30003,2ed17c,名鉄西尾線,めいてつにしおせん,NULL,14,20,#483D8B,GN,0,NULL,1
30004,6cbdf9,名鉄蒲郡線,めいてつがまごおりせん,NULL,10,20,#483D8B,GN,0,NULL,1
30005,5b2d27,名鉄三河線,めいてつみかわせん,NULL,38,20,NULL,NULL,0,NULL,1
30006,a3172a,名鉄豊田線,めいてつとよたせん,NULL,9,20,#9ACD32,TT,0,NULL,1
30007,26f31b,名鉄空港線,めいてつくうこうせん,NULL,3,20,#0000CD,TA,0,NULL,1
30008,123a1f,名鉄常滑線,めいてつとこなめせん,NULL,26,20,#0000CD,TA,0,NULL,1
30009,7d13fd,名鉄河和線,めいてつこうわせん,NULL,19,20,#00BFFF,KC,0,NULL,1
30010,79caf5,名鉄知多新線,めいてつちたしんせん,NULL,6,20,#00BFFF,KC,0,NULL,1
30011,2b1859,名鉄築港線,めいてつちっこうせん,NULL,2,20,#808080,CH,0,NULL,1
30012,0ef6c7,名鉄瀬戸線,めいてつせとせん,NULL,24,20,#800080,ST,0,NULL,1
30013,2b78cf,名鉄津島線,めいてつつしません,NULL,8,20,#FF6347,TB,0,NULL,1
30014,706221,名鉄尾西線,めいてつびさいせん,NULL,22,20,#FF6347,NULL,0,NULL,1
30015,1df6e8,名鉄犬山線,めいてついぬやません,NULL,20,20,#2E8B57,IY,0,NULL,1
30016,f1643e,名鉄各務原線,めいてつかかみがはらせん,NULL,18,20,NULL,KG,0,NULL,1
30017,4790a0,名鉄広見線,めいてつひろみせん,NULL,11,20,#2E8B57,HM,0,NULL,1
30018,6af70d,名鉄小牧線,めいてつこまきせん,NULL,14,20,#FF69B4,KM,0,NULL,1
30020,901a3d,名鉄竹鼻線,めいてつたけはなせん,NULL,15,20,#DAA520,TH,0,NULL,1
30021,60c5a6,名鉄羽島線,めいてつはしません,NULL,2,20,#DAA520,TH,0,NULL,1
31001,0a02c8,近鉄難波線,きんてつなんばせん,NULL,3,21,#FF0000,A,0,NULL,1
31002,2450bd,近鉄橿原線,きんてつかしはらせん,NULL,17,21,#EEC900,B,0,NULL,1
31003,1ab09f,近鉄南大阪線,きんてつみなみおおさかせん,NULL,28,21,#006400,F,0,NULL,1
31005,a2b225,近鉄大阪線,きんてつおおさかせん,NULL,48,21,#77BBFF,D,0,NULL,1
31007,5b3e40,近鉄吉野線,きんてつよしのせん,NULL,16,21,#006400,F,0,NULL,1
31008,f7499b,近鉄湯の山線,きんてつゆのやません,NULL,10,21,#0000FF,K,0,NULL,1
31009,bc46f2,近鉄山田線,きんてつやまだせん,NULL,14,21,#40E0D0,M,0,NULL,1
31010,03f9c7,近鉄鳥羽線,きんてつとばせん,NULL,5,21,#40E0D0,M,0,NULL,1
31011,87cd16,近鉄天理線,きんてつてんりせん,NULL,4,21,#EEC900,H,0,NULL,1
31012,2f65d9,近鉄道明寺線,きんてつどうみょうじせん,NULL,3,21,#006400,N,0,NULL,1
31013,cbf1d8,四日市あすなろう鉄道内部線,よっかいちあすなろうてつどううつべせん,内部線,8,247,NULL,NULL,0,NULL,1
31014,8686a0,四日市あすなろう鉄道八王子線,よっかいちあすなろうてつどうはちおうじせん,八王子線,2,247,NULL,NULL,0,NULL,1
31015,682aed,近鉄志摩線,きんてつしません,NULL,16,21,#40E0D0,M,0,NULL,1
31016,ecf225,近鉄生駒線,きんてついこません,NULL,12,21,#FF0000,G,0,NULL,1
31017,25059f,近鉄田原本線,きんてつたわらもとせん,NULL,8,21,#EEC900,I,0,NULL,1
31018,776bbd,近鉄御所線,きんてつごせせん,NULL,4,21,#006400,P,0,NULL,1
31019,e35dc1,近鉄鈴鹿線,きんてつすずかせん,NULL,5,21,#0000FF,L,0,NULL,1
31020,788de4,近鉄奈良線,きんてつならせん,NULL,19,21,#FF0000,A,0,NULL,1
31021,765b0a,近鉄信貴線,きんてつしぎせん,NULL,3,21,#77BBFF,J,0,NULL,1
31022,391533,近鉄長野線,きんてつながのせん,NULL,8,21,#006400,O,0,NULL,1
31023,99fade,近鉄けいはんな線,きんてつけいはんなせん,NULL,8,21,#228B22,C,0,NULL,1
31024,bbdba9,近鉄西信貴ケーブル,きんてつにししぎけーぶる,近鉄西信貴鋼索線,2,21,#F0E68C,Z,0,NULL,1
31025,97304d,近鉄京都線,きんてつきょうとせん,NULL,28,21,#EEC900,B,0,NULL,1
31026,1afe9f,近鉄生駒ケーブル,きんてついこまけーぶる,近鉄生駒鋼索線,5,21,#F0E68C,Y,0,NULL,1
31027,36caa8,近鉄名古屋線,きんてつなごやせん,NULL,44,21,#0000FF,E,0,NULL,1
32001,79e172,南海本線,なんかいほんせん,NULL,41,22,#0065AF,NK,0,NULL,1
32002,d1b6e3,南海空港線,なんかいくうこうせん,NULL,3,22,#594BAC,NK,0,NULL,1
32003,e7c00e,南海和歌山港線,なんかいわかやまこうせん,NULL,6,22,#0065AF,NK,0,NULL,1
32004,f80e09,南海高師浜線,なんかいたかしのはません,NULL,3,22,#0065AF,NK,0,NULL,1
32005,59ff87,南海加太線,なんかいかだせん,NULL,9,22,#0065AF,NK,0,NULL,1
32006,8680ce,南海多奈川線,なんかいたながわせん,NULL,4,22,#0065AF,NK,0,NULL,1
32007,3735e5,南海高野線(りんかんサンライン),なんかいこうやせん,南海高野線,42,22,#009A41,NK,0,NULL,1
32008,f49ced,南海高野山ケーブル,なんかいこうやさんけーぶる,NULL,2,22,#009A41,NK,0,NULL,1
32009,e4a1f5,南海汐見橋線,なんかいしおみばしせん,NULL,6,22,#009A41,NK,0,NULL,1
33001,3a1efc,京阪本線,けいはんほんせん,NULL,42,23,#66CC33,KH,0,NULL,1
33002,11486a,京阪宇治線,けいはんうじせん,NULL,8,23,#66CC33,KH,0,NULL,1
33003,171ce6,京阪交野線,けいはんかたのせん,NULL,8,23,#66CC33,KH,0,NULL,1
33004,8efcb0,京阪鴨東線,けいはんおうとうせん,NULL,3,23,#66CC33,KH,0,NULL,1
33005,f9ab89,京阪石清水八幡宮参道ケーブル,けいはんいわしみずはちまんぐうさんどうけーぶる,京阪鋼索線,2,23,NULL,NULL,0,NULL,1
33006,3112ac,京阪石山坂本線,けいはんいしやまさかもとせん,NULL,21,23,#009933,OT,0,NULL,1
33007,1b69da,京阪京津線,けいはんけいしんせん,NULL,12,23,#FFCC00,OT,0,NULL,1
33008,3d7afc,京阪中之島線,けいはんなかのしません,NULL,5,23,#66CC33,KH,0,NULL,1
34001,a935bb,阪急神戸本線,はんきゅうこうべほんせん,NULL,16,24,#0000FF,HK,0,NULL,1
34002,31d269,阪急宝塚本線,はんきゅうたからづかほんせん,NULL,19,24,#FFA500,HK,0,NULL,1
34003,c50e84,阪急京都本線,はんきゅうきょうとほんせん,NULL,28,24,#32CD32,HK,0,NULL,1
34004,a65201,阪急今津線,はんきゅういまづせん,NULL,10,24,#0000FF,HK,0,NULL,1
34005,f7e5d4,阪急甲陽線,はんきゅうこうようせん,NULL,3,24,#0000FF,HK,0,NULL,1
34006,8a4ff8,阪急伊丹線,はんきゅういたみせん,NULL,4,24,#0000FF,HK,0,NULL,1
34007,63f7a1,阪急箕面線,はんきゅうみのおせん,NULL,4,24,#FFA500,HK,0,NULL,1
34008,c90346,阪急千里線,はんきゅうせんりせん,NULL,11,24,#32CD32,HK,0,NULL,1
34009,27c7e7,阪急嵐山線,はんきゅうあらしやません,NULL,4,24,#32CD32,HK,0,NULL,1
35001,ee70aa,阪神本線,はんしんほんせん,NULL,33,25,NULL,HS,0,NULL,1
35002,708c3b,阪神なんば線,はんしんなんばせん,NULL,11,25,NULL,HS,0,NULL,1
35003,58f677,阪神武庫川線,はんしんむこがわせん,NULL,4,25,NULL,HS,0,NULL,1
36001,88f993,西鉄天神大牟田線,にしてつてんじんおおむたせん,NULL,49,26,NULL,T,0,NULL,1
36002,d19406,西鉄太宰府線,にしてつだざいふせん,NULL,3,26,NULL,D,0,NULL,1
36003,673daf,西鉄甘木線,にしてつあまぎせん,NULL,12,26,NULL,A,0,NULL,1
36004,e4c7a6,西鉄貝塚線,にしてつかいづかせん,NULL,16,26,NULL,NK,0,NULL,1
99101,3b2d10,札幌市営地下鉄東西線,さっぽろしえいちかてつとうざいせん,NULL,19,101,#FFA500,T,0,NULL,1
99102,92e4f0,札幌市営地下鉄南北線,さっぽろしえいちかてつなんぼくせん,NULL,16,101,#008000,N,0,NULL,1
99103,68f4f3,札幌市営地下鉄東豊線,さっぽろしえいちかてつとうほうせん,NULL,14,101,#0080FF,H,0,NULL,1
99104,3020a3,札幌市電山鼻線,さっぽろしでんやまはなせん,NULL,24,101,NULL,SC,0,NULL,1
99105,4a31cb,函館市電２系統,はこだてしでんにけいとう,NULL,23,102,#FF0000,NULL,0,NULL,1
99106,67ae7d,函館市電５系統,はこだてしでんごけいとう,NULL,23,102,#0000FF,NULL,0,NULL,1
99108,b13753,道南いさりび鉄道線,どうなんいさりびてつどう,NULL,12,248,#246DAC,NULL,0,NULL,1
99201,acc4c3,津軽鉄道,つがるてつどう,津軽鉄道線,12,104,NULL,NULL,0,NULL,1
99202,413cdd,弘南鉄道弘南線,こうなんてつどうこうなんせん,NULL,13,105,NULL,NULL,0,NULL,1
99203,3eebb3,弘南鉄道大鰐線,こうなんてつどうおおわにせん,NULL,14,105,NULL,NULL,0,NULL,1
99204,d3923b,十和田観光電鉄,とわだかんこうでんてつ,NULL,11,106,NULL,NULL,1,2012-04-01,1
99205,151a49,いわて銀河鉄道,いわてぎんがてつどう,いわて銀河鉄道線,18,107,#03459A,NULL,0,NULL,1
99206,c3749c,青い森鉄道,あおいもりてつどう,青い森鉄道線,27,108,#33CBF4,NULL,0,NULL,1
99207,770bbf,三陸鉄道北リアス線,さんりくてつどうきたりあすせん,NULL,17,109,NULL,NULL,1,2019-03-23,1
99208,1c51cd,三陸鉄道リアス線,さんりくてつどうりあすせん,NULL,41,109,#FF0000,NULL,0,NULL,1
99209,a67173,秋田内陸縦貫鉄道,あきたないりくじゅうかんてつどう,秋田内陸縦貫鉄道秋田内陸線,29,110,NULL,NULL,0,NULL,1
99210,eea167,由利高原鉄道,ゆりこうげんてつどう,由利高原鉄道鳥海山ろく線,12,111,NULL,NULL,0,NULL,1
99211,7ebf02,山形鉄道フラワー長井線,やまがたてつどうふらわーながいせん,NULL,17,112,NULL,NULL,0,NULL,1
99213,6e6947,阿武隈急行,あぶくまきゅうこう,阿武隈急行線,24,114,NULL,NULL,0,NULL,1
99214,96c1e1,仙台市営地下鉄南北線,せんだいしえいちかてつなんぼくせん,NULL,17,115,#009900,N,0,NULL,1
99218,dedda2,仙台市営地下鉄東西線,せんだいしえいちかてつとうざいせん,NULL,13,115,#90D7EC,T,0,NULL,1
99215,c0ba5d,福島交通飯坂線,ふくしまこうつういいざかせん,NULL,12,116,NULL,NULL,0,NULL,1
99216,29b4b7,会津鉄道,あいづてつどう,会津鉄道会津線,21,117,NULL,NULL,0,NULL,1
99217,a649c3,仙台空港線,せんだいくうこうせん,仙台空港鉄道仙台空港線,4,118,#2A5CAA,NULL,0,NULL,1
99301,05e456,都営大江戸線,とえいおおえどせん,NULL,38,119,#B6007A,E,0,NULL,1
99302,5d6ae3,都営浅草線,とえいあさくさせん,NULL,20,119,#E85298,A,0,NULL,1
99303,a2379f,都営三田線,とえいみたせん,NULL,27,119,#0000FF,I,0,NULL,1
99304,cc4ca6,都営新宿線,とえいしんじゅくせん,NULL,21,119,#6CBB5A,S,0,NULL,1
99305,37c5c0,都営都電荒川線,とえいとでんあらかわせん,NULL,30,119,NULL,NULL,0,NULL,1
99342,ab045c,日暮里・舎人ライナー,にっぽり・とねりらいなー,NULL,13,119,#FF69B4,NT,0,NULL,1
99306,33957a,秩父鉄道,ちちぶてつどう,秩父鉄道秩父本線,37,120,NULL,NULL,0,NULL,1
99307,dd7e1c,埼玉高速鉄道,さいたまこうそくてつどう,埼玉高速鉄道線,8,121,#4682B4,SR,0,NULL,1
99308,f47e57,いすみ鉄道,いすみてつどう,いすみ鉄道いすみ線,14,122,NULL,NULL,0,NULL,1
99309,094058,つくばエクスプレス,つくばえくすぷれす,首都圏新都市鉄道つくばエクスプレス,20,123,#FF3540,NULL,0,NULL,1
99310,293c09,みなとみらい線,みなとみらいせん,みなとみらい21線,6,124,#09357F,MM,0,NULL,1
99311,0bc7a9,ゆりかもめ,ゆりかもめ,ゆりかもめ東京臨海新交通臨海線,16,125,#27404E,U,0,NULL,1
99312,4f3779,わたらせ渓谷鐵道,わたらせけいこくてつどう,わたらせ渓谷鐵道わたらせ渓谷線,17,126,NULL,WK,0,NULL,1
99313,91b875,ユーカリが丘線,ゆーかりがおかせん,山万ユーカリが丘線,6,127,NULL,NULL,0,NULL,1
99314,680ff4,伊豆箱根鉄道大雄山線,いずはこねてつどうだいゆうざんせん,NULL,12,128,#000000,ID,0,NULL,1
99315,5dc29f,ひたちなか海浜鉄道湊線,ひたちなかかいひんてつどうみなとせん,NULL,11,129,NULL,NULL,0,NULL,1
99316,75a89b,横浜市営地下鉄ブルーライン,よこはましえいちかてつぶるーらいん,横浜市高速鉄道1号線・3号線,32,130,#006BF0,B,0,NULL,1
99343,e53f38,横浜市営地下鉄グリーンライン,よこはましえいちかてつぐりーんらいん,横浜市高速鉄道4号線,10,130,#40CC40,G,0,NULL,1
99317,15e74c,横浜新都市交通金沢シーサイドライン,よこはましんとしこうつうかなざわしーさいどらいん,NULL,14,131,#F68B1E,NULL,0,NULL,1
99318,7ce0b6,関東鉄道常総線,かんとうてつどうじょうそうせん,NULL,25,132,NULL,NULL,0,NULL,1
99319,4c254c,関東鉄道竜ヶ崎線,かんとうてつどうりゅうがさきせん,NULL,3,132,NULL,NULL,0,NULL,1
99320,45966b,江ノ島電鉄線,えのしまでんてつせん,NULL,15,133,#005B1A,EN,0,NULL,1
99321,c2c19e,埼玉新都市交通伊奈線,さいたましんとしこうつういなせん,NULL,13,134,#FFFF00,NULL,0,NULL,1
99323,ddc638,鹿島臨海鉄道大洗鹿島線,かしまりんかいてつどうおおあらいかしません,NULL,16,136,NULL,NULL,0,NULL,1
99324,4d0538,芝山鉄道,しばやまてつどう,芝山鉄道線,2,137,#00A650,SR,0,NULL,1
99325,881132,小湊鉄道,こみなとてつどう,小湊鉄道線,18,138,NULL,NULL,0,NULL,1
99326,08f78e,湘南モノレール,しょうなんものれーる,NULL,8,139,NULL,NULL,0,NULL,1
99327,2926d4,上信電鉄,じょうしんでんてつ,NULL,21,140,NULL,NULL,0,NULL,1
99328,d51248,上毛電気鉄道,じょうもうでんきてつどう,上毛電気鉄道上毛線,23,141,NULL,NULL,0,NULL,1
99329,0b4220,新京成電鉄線,しんけいせいでんてつせん,新京成電鉄新京成線,24,142,#EF59A1,SL,0,NULL,1
99330,e5e270,真岡鐵道,もおかてつどう,真岡鐵道真岡線,17,143,NULL,NULL,0,NULL,1
99331,d107e0,千葉都市モノレール１号線,ちばとしものれーるいちごうせん,NULL,6,144,#2843BA,NULL,0,NULL,1
99332,79f6f4,千葉都市モノレール２号線,ちばとしものれーるにごうせん,NULL,13,144,#2843BA,NULL,0,NULL,1
99333,532627,流鉄流山線,りゅうてつながれやません,NULL,6,145,NULL,RN,0,NULL,1
99334,7498f8,多摩モノレール,たまものれーる,多摩都市モノレール線,19,146,#FF6633,TT,0,NULL,1
99335,295b43,銚子電鉄線,ちょうしでんてつせん,銚子電気鉄道線,10,147,NULL,NULL,0,NULL,1
99336,befad3,東京モノレール,とうきょうものれーる,東京モノレール羽田空港線,11,148,#004098,MO,0,NULL,1
99337,5ce375,東京臨海高速鉄道,とうきょうりんかいこうそくてつどう,東京臨海高速鉄道りんかい線,8,149,#3366CC,R,0,NULL,1
99338,e27e87,東葉高速鉄道,とうようこうそくてつどう,東葉高速鉄道東葉高速線,9,150,#3FB036,TR,0,NULL,1
99339,68edaa,箱根登山鉄道,はこねとざんてつどう,箱根登山鉄道鉄道線,11,151,#A14023,OH,0,NULL,1
99340,cb0567,北総鉄道,ほくそうてつどう,北総鉄道北総線,15,152,#00BDF2,HS,0,NULL,1
99341,910e79,野岩鉄道会津鬼怒川線,やがんてつどうあいづきぬがわせん,NULL,9,153,NULL,NULL,0,NULL,1
99401,a2ad55,富士急行,ふじきゅうこう,富士急行線,18,154,NULL,FJ,0,NULL,1
99402,abc88f,北越急行ほくほく線,ほくえつきゅうこうほくほくせん,NULL,12,155,#6633FF,NULL,0,NULL,1
99403,75cde4,しなの鉄道,しなのてつどう,しなの鉄道線,19,156,#F0A401,NULL,0,NULL,1
99427,cdb80b,北しなの線,きたしなのせん,NULL,8,156,#999966,NULL,0,NULL,1
99404,e8bd53,上田電鉄別所線,うえだでんてつべっしょせん,NULL,15,157,NULL,NULL,0,NULL,1
99405,ccda97,長野電鉄長野線,ながのでんてつながのせん,NULL,24,158,NULL,N,0,NULL,1
99406,ad00dc,長野電鉄屋代線,ながのでんてつやしろせん,NULL,13,158,NULL,Y,1,2012-04-01,1
99407,ed45b8,松本電鉄上高地線,まつもとでんてつかみこうちせん,アルピコ交通上高地線,15,159,NULL,AK,0,NULL,1
99408,440c68,富山地鉄本線,とやまちてつほんせん,NULL,41,160,#0033FF,T,0,NULL,1
99409,26cbff,富山地鉄立山線,とやまちてつたてやません,NULL,14,160,#009933,T,0,NULL,1
99410,e0fcf7,富山地鉄不二越・上滝線,とやまちてつふじこし・かみだきせん,NULL,16,160,#F77321,T,0,NULL,1
99412,63e466,黒部峡谷鉄道,くろべきょうこくてつどう,黒部峡谷鉄道本線,4,162,NULL,NULL,0,NULL,1
99413,5de6ae,富山地鉄市内線,とやまちてつしないせん,NULL,22,160,NULL,C,0,NULL,1
99422,2b9b0d,富山地鉄富山都心線,とやまちてつとやまとしんせん,NULL,5,160,NULL,C,0,NULL,1
99414,145b76,万葉線,まんようせん,NULL,25,163,NULL,NULL,0,NULL,1
99415,6143ed,富山地鉄富山港線,とやまちてつとやまこうせん,NULL,16,160,#00008B,C,0,NULL,1
99416,8706cf,北陸鉄道石川線,ほくりくてつどういしかわせん,NULL,20,165,NULL,I,0,NULL,1
99417,0e478f,北陸鉄道浅野川線,ほくりくてつどうあさのがわせん,NULL,13,165,NULL,A,0,NULL,1
99423,1671be,日本海ひすいライン,にほんかいひすいらいん,NULL,13,244,#3782BD,NULL,0,NULL,1
99424,9e5d4f,妙高はねうまライン,みょうこうはねうまらいん,NULL,10,244,#35C98E,NULL,0,NULL,1
99425,0870d5,あいの風とやま鉄道線,あいのかぜとやまてつどうせん,NULL,22,245,#00A556,NULL,0,NULL,1
99426,b2e0af,IRいしかわ鉄道線,あいあーるいしかわてつどう,IRいしかわ鉄道株式会社,5,246,#00A7E3,NULL,0,NULL,1
99418,6c98dc,のと鉄道七尾線,のとてつどうななおせん,NULL,11,166,NULL,NULL,0,NULL,1
99419,6953a0,えちぜん鉄道勝山永平寺線,えちぜんてつどうかつやまえいへいじせん,NULL,30,167,#FFA500,E,0,NULL,1
99420,48988c,えちぜん鉄道三国芦原線,えちぜんてつどうみくにあわらせん,NULL,24,167,#0066FF,NULL,0,NULL,1
99421,824528,福井鉄道福武線,ふくいてつどうふくぶせん,NULL,25,168,NULL,F,0,NULL,1
99501,8a1061,伊豆急行,いずきゅうこう,伊豆急行線,16,169,#000000,IZ,0,NULL,1
99502,374415,伊豆箱根鉄道駿豆線,いずはこねてつどうすんずせん,NULL,13,128,#000000,IS,0,NULL,1
99503,1c345c,岳南線,がくなんせん,岳南鉄道線,10,170,NULL,NULL,0,NULL,1
99504,687bce,静岡鉄道静岡清水線,しずおかてつどうしずおかしみずせん,NULL,15,171,NULL,S,0,NULL,1
99505,94a400,天竜浜名湖鉄道,てんりゅうはまなこてつどう,天竜浜名湖鉄道天竜浜名湖線,39,172,NULL,NULL,0,NULL,1
99506,5e10ba,遠州鉄道,えんしゅうてつどう,遠州鉄道鉄道線,18,173,NULL,NULL,0,NULL,1
99507,041e33,大井川鐵道大井川本線,おおいがわてつどうおおいがわほんせん,NULL,20,174,NULL,NULL,0,NULL,1
99508,616e9a,大井川鐵道井川線,おおいがわてつどういかわせん,NULL,16,174,NULL,NULL,0,NULL,1
99509,e72b50,西名古屋港線(あおなみ線),にしなごやこうせん,西名古屋港線,11,175,NULL,AN,0,NULL,1
99510,fbf99e,東海交通事業城北線,とうかいこうつうじぎょうじょうほくせん,NULL,6,176,NULL,NULL,0,NULL,1
99511,969ec6,愛知環状鉄道,あいちかんじょうてつどう,愛知環状鉄道線,23,177,#200098,NULL,0,NULL,1
99512,1431c4,東部丘陵線(リニモ),とうぶきゅうりょうせん,東部丘陵線,9,178,#164CA2,L,0,NULL,1
99513,8785c7,名古屋市営地下鉄東山線,なごやしえいちかてつひがしやません,NULL,22,179,#FFB700,H,0,NULL,1
99514,f33f78,名古屋市営地下鉄名城線,なごやしえいちかてつめいじょうせん,NULL,28,179,#977AD4,M,0,NULL,1
99515,1f38c6,名古屋市営地下鉄名港線,なごやしえいちかてつめいこうせん,NULL,7,179,#977AD4,E,0,NULL,1
99516,bce039,名古屋市営地下鉄鶴舞線,なごやしえいちかてつつるまいせん,NULL,20,179,#009CBE,T,0,NULL,1
99517,aba85e,名古屋市営地下鉄桜通線,なごやしえいちかてつさくらどおりせん,NULL,21,179,#C4392F,S,0,NULL,1
99518,c9ecf3,名古屋市営地下鉄上飯田線,なごやしえいちかてつかみいいだせん,NULL,2,179,#E979B9,K,0,NULL,1
99520,b41c8d,豊橋鉄道渥美線,とよはしてつどうあつみせん,NULL,16,181,NULL,NULL,0,NULL,1
99521,26fd88,豊橋鉄道東田本線,とよはしてつどうあずまだほんせん,NULL,14,181,NULL,NULL,0,NULL,1
99522,fe0982,豊橋鉄道運動公園前線,とよはしてつどううんどうこうえんまえせん,NULL,2,181,NULL,NULL,0,NULL,1
99523,0de921,ゆとりーとライン,ゆとりーとらいん,ガイドウェイバス志段味線,9,182,#3C459A,Y,0,NULL,1
99524,36da0f,明知鉄道,あけちてつどう,明知鉄道明知線,11,183,NULL,NULL,0,NULL,1
99525,b22ca0,長良川鉄道越美南線,ながらがわてつどうえつみなんせん,NULL,38,184,NULL,NULL,0,NULL,1
99526,4f39f2,樽見鉄道,たるみてつどう,樽見鉄道樽見線,19,185,NULL,NULL,0,NULL,1
99528,e41235,三岐鉄道三岐線,さんぎてつどうさんぎせん,NULL,15,186,NULL,NULL,0,NULL,1
99529,f4b888,三岐鉄道北勢線,さんぎてつどうほくせいせん,NULL,19,186,NULL,NULL,0,NULL,1
99530,68703b,伊勢鉄道,いせてつどう,伊勢鉄道伊勢線,10,187,NULL,NULL,0,NULL,1
99531,e5ebeb,伊賀鉄道伊賀線,いがてつどういがせん,NULL,15,188,NULL,NULL,0,NULL,1
99532,709fe0,養老鉄道養老線,ようろうてつどうようろうせん,NULL,27,189,NULL,NULL,0,NULL,1
99601,6b238d,近江鉄道本線,おうみてつどうほんせん,NULL,25,190,NULL,NULL,0,NULL,1
99602,c2def9,近江鉄道多賀線,おうみてつどうたがせん,NULL,3,190,#F01008,NULL,0,NULL,1
99603,ddcf8a,近江鉄道八日市線,おうみてつどうようかいちせん,NULL,7,190,#4BC560,NULL,0,NULL,1
99604,644a8c,信楽高原鐵道,しがらきこうげんてつどう,信楽高原鐵道信楽線,6,191,NULL,NULL,0,NULL,1
99605,abb01b,嵯峨野観光鉄道,さがのかんこうてつどう,嵯峨野観光線,4,192,NULL,NULL,0,NULL,1
99606,c7dcfb,叡山電鉄叡山本線,えいざんでんてつえいざんほんせん,NULL,8,193,#007F00,E,0,NULL,1
99607,c30b57,叡山電鉄鞍馬線,えいざんでんてつくらません,NULL,10,193,#FF0000,E,0,NULL,1
99608,cdff19,京都丹後鉄道宮福線,きょうとたんごてつどうみやふくせん,宮福線,14,194,#8CC63E,F,0,NULL,1
99609,4b85c5,京都丹後鉄道宮豊線,きょうとたんごてつどうみやとよせん,宮豊線,13,194,#F15A22,T,0,NULL,1
99653,ad02a0,京都丹後鉄道宮舞線,きょうとたんごてつどうみやまいせん,宮舞線,7,194,#0072BC,M,0,NULL,1
99610,2bd021,京都市営地下鉄烏丸線,きょうとしえいちかてつからすません,NULL,15,195,#3CB371,K,0,NULL,1
99611,f27eff,京都市営地下鉄東西線,きょうとしえいちかてつとうざいせん,NULL,17,195,#FF4500,T,0,NULL,1
99612,43e5a0,京福電鉄嵐山本線,けいふくでんてつあらしやまほんせん,NULL,13,196,#D7003A,A,0,NULL,1
99613,8fc107,京福電鉄北野線,けいふくでんてつきたのせん,NULL,10,196,#5654A2,B,0,NULL,1
99614,51dae2,北大阪急行電鉄,きたおおさかきゅうこうでんてつ,NULL,5,197,#E5171F,M,0,NULL,1
99616,ddb7f3,泉北高速鉄道線,せんぼくこうそくてつどう,NULL,6,198,#007FFF,SB,0,NULL,1
99617,34a778,水間鉄道,みずまてつどう,水間鉄道水間線,10,199,NULL,NULL,0,NULL,1
99618,4b5c36,OsakaMetro御堂筋線,おおさかめとろみどうすじせん,高速電気軌道第1号線,20,249,#E5171F,M,0,NULL,1
99619,21293d,OsakaMetro谷町線,おおさかめとろたにまちせん,高速電気軌道第2号線,26,249,#522886,T,0,NULL,1
99620,16c04b,OsakaMetro四つ橋線,おおさかめとろよつばしせん,高速電気軌道第3号線,11,249,#0078BA,Y,0,NULL,1
99621,828d98,OsakaMetro中央線,おおさかめとろちゅうおうせん,高速電気軌道第4号線,14,249,#019A66,C,0,NULL,1
99622,1bca22,OsakaMetro千日前線,おおさかめとろせんにちまえせん,高速電気軌道第5号線,14,249,#E44D93,S,0,NULL,1
99623,69ee4e,OsakaMetro堺筋線,おおさかめとろさかいすじせん,高速電気軌道第6号線,10,249,#814721,K,0,NULL,1
99624,8c17ef,OsakaMetro長堀鶴見緑地線,おおさかめとろながほりつるみりょくちせん,高速電気軌道第7号線,17,249,#A9CC51,N,0,NULL,1
99652,8ddda2,OsakaMetro今里筋線,おおさかめとろいまざとすじせん,高速電気軌道第8号線,11,249,#EE7B1A,I,0,NULL,1
99625,395b53,OsakaMetro南港ポートタウン線,おおさかめとろなんこうぽーとたうんせん,大阪市高速電気軌道南港ポートタウン線,10,249,#00A0DE,P,0,NULL,1
99626,686637,大阪モノレール線,おおさかものれーるせん,NULL,14,201,#111986,NULL,0,NULL,1
99627,16ac2e,大阪モノレール彩都線,おおさかものれーるさいとせん,国際文化公園都市線,5,201,#111986,NULL,0,NULL,1
99628,232e25,阪堺電軌上町線,はんかいでんきうえまちせん,NULL,11,202,NULL,HN,0,NULL,1
99629,1ff203,阪堺電軌阪堺線,はんかいでんきはんかいせん,NULL,31,202,NULL,HN,0,NULL,1
99630,36e304,神戸高速東西線,こうべこうそくとうざいせん,NULL,9,203,NULL,NULL,0,NULL,1
99631,1b3343,神戸高速南北線,こうべこうそくなんぼくせん,NULL,2,203,#DD0033,KB,0,NULL,1
99632,8baaea,神鉄有馬線,しんてつありません,NULL,15,204,#FF0000,KB,0,NULL,1
99633,f2a8bb,神鉄三田線,しんてつさんだせん,NULL,10,204,#008000,KB,0,NULL,1
99634,3eedc6,神鉄公園都市線,しんてつこうえんとしせん,NULL,6,204,#CCCC33,KB,0,NULL,1
99635,257ee2,神鉄粟生線,しんてつあおせん,NULL,20,204,#0000FF,KB,0,NULL,1
99636,6fac09,神戸市営地下鉄北神線,こうべしえいちかてつほくしんせん,NULL,2,211,#01AF98,S,0,NULL,1
99637,2f164e,山陽電鉄本線,さんようでんてつほんせん,NULL,45,206,#FA2B08,SY,0,NULL,1
99638,6794e5,山陽電鉄網干線,さんようでんてつあぼしせん,NULL,7,206,#FA2B08,SY,0,NULL,1
99615,b176a2,能勢電鉄妙見線,のせでんてつみょうけんせん,NULL,15,207,#800000,NS,0,NULL,1
99640,738ec9,能勢電鉄日生線,のせでんてつにっせいせん,NULL,2,207,#800000,NS,0,NULL,1
99642,e2c598,三木線,みきせん,三木鉄道三木線,9,208,NULL,NULL,1,2008-04-01,1
99643,ca37af,北条鉄道,ほくじょうてつどう,北条鉄道北条線,8,209,NULL,NULL,0,NULL,1
99644,c15849,智頭急行,ちずきゅうこう,智頭急行智頭線,14,210,NULL,NULL,0,NULL,1
99645,0ff379,神戸市営地下鉄西神線,こうべしえいちかてつせいしんせん,NULL,9,211,#01AF98,S,0,NULL,1
99646,8e6ad6,神戸市営地下鉄山手線,こうべしえいちかてつやまてせん,NULL,8,211,#01AF98,S,0,NULL,1
99647,ce019b,神戸市営地下鉄海岸線(夢かもめ),こうべしえいちかてつかいがんせん,神戸市営地下鉄海岸線,10,211,#00469C,K,0,NULL,1
99648,977261,神戸新交通ポートアイランド線,こうべしんこうつうぽーとあいらんどせん,NULL,12,212,NULL,NULL,0,NULL,1
99649,8e6310,神戸新交通六甲アイランド線,こうべしんこうつうろっこうあいらんどせん,NULL,6,212,NULL,R,0,NULL,1
99650,5c0d37,紀州鉄道,きしゅうてつどう,紀州鉄道線,6,213,NULL,NULL,0,NULL,1
99651,986500,わかやま電鉄貴志川線,わかやまでんてつきしがわせん,和歌山電鐵貴志川線,14,214,NULL,NULL,0,NULL,1
99701,d1dd3a,若桜鉄道,わかさてつどう,若桜鉄道若桜線,9,215,NULL,NULL,0,NULL,1
99702,5068b9,一畑電車北松江線,いちばたでんしゃきたまつえせん,NULL,24,216,NULL,NULL,0,NULL,1
99703,bc8164,一畑電車大社線,いちばたでんしゃたいしゃせん,NULL,5,216,NULL,NULL,0,NULL,1
99704,3f8a5a,水島臨海鉄道,みずしまりんかいてつどう,水島臨海鉄道水島本線,10,217,NULL,MR,0,NULL,1
99705,948146,井原鉄道,いばらてつどう,井原鉄道井原線,15,218,NULL,NULL,0,NULL,1
99706,3c7275,岡山電軌東山本線,おかやまでんきひがしやません,NULL,10,219,#0000FF,NULL,0,NULL,1
99707,511c97,岡山電軌清輝橋線,おかやまでんきせいきばしせん,NULL,9,219,#942B9D,NULL,0,NULL,1
99708,de9367,スカイレールサービス,すかいれーるさーびす,広島短距離交通瀬野線,3,220,NULL,NULL,0,NULL,1
99709,b11493,アストラムライン,あすとらむらいん,広島高速交通広島新交通1号線,22,221,#FFD400,NULL,0,NULL,1
99710,5ee658,広電１系統(宇品線),ひろでんいちけいとう(うじなせん),広電１号線(宇品線),27,222,NULL,NULL,0,NULL,1
99711,562a04,広電２系統(宮島線),ひろでんにけいとう(みやじません),広電２号線(宮島線),41,222,#EE0000,NULL,0,NULL,1
99712,318129,広電３系統(己斐線),ひろでんさんけいとう(こいせん),広電３号線,29,222,#000080,NULL,0,NULL,1
99713,d6dce6,広電５系統(比治山線),ひろでんごけいとう(ひじやません),広電５号線(皆実線),18,222,#00CC00,NULL,0,NULL,1
99714,7509a0,広電６系統(江波線),ひろでんろくけいとう(えばせん),広電６号線(江波線),20,222,#FFD700,NULL,0,NULL,1
99715,2dc8d9,広電７系統(都心線),ひろでんななけいとう(としんせん),広電７号線,15,222,#00594C,NULL,0,NULL,1
99716,e6d363,広電８系統(横川線),ひろでんはちけいとう(よこがわせん),広電８号線(横川線),12,222,#FF69B4,NULL,0,NULL,1
99717,abdd6b,広電９系統(白島線),ひろでんきゅうけいとう(はくしません),広電９号線(白島線),5,222,#696969,W,0,NULL,1
99718,02f7ad,錦川鉄道錦川清流線,にしきがわてつどうにしきがわせいりゅうせん,NULL,13,223,NULL,NULL,0,NULL,1
99801,7411db,阿佐海岸鉄道阿佐東線,あさかいがんてつどうあさとうせん,NULL,4,224,NULL,AK,0,NULL,1
99802,5b3afc,琴電琴平線,ことでんことひらせん,NULL,23,225,#FFCC33,K,0,NULL,1
99803,da30b9,琴電長尾線,ことでんながおせん,NULL,18,225,#66CC66,N,0,NULL,1
99804,31acc0,琴電志度線,ことでんしどせん,NULL,16,225,#FF3366,S,0,NULL,1
99805,786ad2,伊予鉄道郡中線,いよてつどうぐんちゅうせん,NULL,12,226,#F15A22,IY,0,NULL,1
99806,444597,伊予鉄道高浜線,いよてつどうたかはません,NULL,10,226,#9ACD32,IY,0,NULL,1
99807,1539fe,伊予鉄道横河原線,いよてつどうよこがわらせん,NULL,15,226,#00BBEE,IY,0,NULL,1
99808,459afe,伊予鉄道１系統(環状線),いよてつどういちけいとう(かんじょうせん),伊予鉄道１系統,21,226,#006600,NULL,0,NULL,1
99809,a9d3f2,伊予鉄道２系統(環状線),いよてつどうにけいとう(かんじょうせん),伊予鉄道２系統,21,226,#FF6600,NULL,0,NULL,1
99810,12e903,伊予鉄道３系統(市駅線),いよてつどうさんけいとう(しえきせん),伊予鉄道３系統,11,226,#FF0000,NULL,0,NULL,1
99811,f2980e,伊予鉄道５系統(松山駅前線),いよてつどうごけいとう(まつやまえきまえせん),伊予鉄道５系統,13,226,#0000FF,NULL,0,NULL,1
99812,ab4f93,伊予鉄道６系統(本町線),いよてつどうろくけいとう(ほんまちせん),伊予鉄道６系統,7,226,#000000,NULL,0,NULL,1
99814,942976,土佐くろしお鉄道中村線,とさくろしおてつどうなかむらせん,NULL,15,227,NULL,TK,0,NULL,1
99815,4325cf,土佐くろしお鉄道宿毛線,とさくろしおてつどうすくもせん,NULL,8,227,NULL,TK,0,NULL,1
99816,f0374f,土佐くろしお鉄道ごめん・なはり線,とさくろしおてつどうごめん・なはりせん,NULL,21,227,#0000FF,GN,0,NULL,1
99817,c93cae,とさでん交通後免線,とさでんこうつうごめんせん,土佐電鉄ごめん線,33,228,NULL,NULL,0,NULL,1
99818,cd3b63,とさでん交通伊野線,とさでんこうつういのせん,土佐電鉄伊野線,34,228,NULL,NULL,0,NULL,1
99819,a7b315,とさでん交通桟橋線,とさでんこうつうさんばしせん,土佐電鉄桟橋線,11,228,NULL,NULL,0,NULL,1
99901,26811a,甘木鉄道,あまぎてつどう,NULL,11,229,NULL,NULL,0,NULL,1
99902,d4da7a,平成筑豊鉄道伊田線,へいせいちくほうてつどういたせん,NULL,15,230,NULL,NULL,0,NULL,1
99903,c3fdb4,平成筑豊鉄道糸田線,へいせいちくほうてつどういとだせん,NULL,6,230,NULL,NULL,0,NULL,1
99904,20db06,平成筑豊鉄道田川線,へいせいちくほうてつどうたがわせん,NULL,17,230,NULL,NULL,0,NULL,1
99928,9f2290,平成筑豊鉄道門司港レトロ観光線,へいせいちくほうてつどうもじこうれとろかんこうせん,NULL,4,230,NULL,NULL,0,NULL,1
99905,6d0684,福岡市営地下鉄空港線,ふくおかしえいちかてつくうこうせん,NULL,13,231,#EE5511,K,0,NULL,1
99906,8cd01c,福岡市営地下鉄箱崎線,ふくおかしえいちかてつはこざきせん,NULL,7,231,#0077CC,H,0,NULL,1
99907,d01086,福岡市営地下鉄七隈線,ふくおかしえいちかてつななくません,NULL,16,231,#00AA44,N,0,NULL,1
99908,10d5c0,北九州高速鉄道,きたきゅうしゅうこうそくてつどう,NULL,13,232,NULL,NULL,0,NULL,1
99909,643708,筑豊電気鉄道,ちくほうでんきてつどう,筑豊電気鉄道線,21,233,#E30075,CK,0,NULL,1
99910,e6a53c,松浦鉄道西九州線(有田～伊万里),まつうらてうどう,NULL,11,234,NULL,NULL,0,NULL,1
99911,42dbbc,松浦鉄道西九州線(伊万里～佐世保),まつうらてつどう,NULL,47,234,NULL,NULL,0,NULL,1
99912,5d1778,島原鉄道,しまばらてつどう,島原鉄道線,44,235,NULL,NULL,0,NULL,1
99913,e284d6,長崎電軌１系統,ながさきでんきいちけいとう,NULL,26,236,#0000FF,NULL,0,NULL,1
99914,dd46aa,長崎電軌３系統,ながさきでんきにけいとう,NULL,24,236,#FF0000,NULL,0,NULL,1
99915,adbf2f,長崎電軌４系統,ながさきでんきよんけいとう,NULL,10,236,#FFCC00,NULL,0,NULL,1
99916,c64b54,長崎電軌５系統,ながさきでんきごけいとう,NULL,13,236,#005A52,NULL,0,NULL,1
99917,241b14,熊本電鉄本線,くまもとでんてつほんせん,NULL,13,237,NULL,NULL,0,NULL,1
99918,b6f3e3,熊本電鉄上熊本線,くまもとでんてつかみくまもとせん,NULL,6,237,NULL,NULL,0,NULL,1
99919,9dbffa,南阿蘇鉄道高森線,みなみあそてつどうたかもりせん,NULL,10,238,NULL,NULL,0,NULL,1
99920,5eacec,くま川鉄道湯前線,くまがわてつどうゆのまえせん,NULL,14,239,NULL,NULL,0,NULL,1
99921,997bb3,肥薩おれんじ鉄道,ひさつおれんじてつどう,肥薩おれんじ鉄道線,28,240,NULL,NULL,0,NULL,1
99922,dcc033,熊本市電Ａ系統,くまもとしでんえーけいとう,NULL,26,241,NULL,NULL,0,NULL,1
99923,ae3954,熊本市電Ｂ系統,くまもとしでんびーけいとう,NULL,28,241,NULL,NULL,0,NULL,1
99925,8c61e1,鹿児島市電１系統,かごしましでんいちけいとう,NULL,24,242,#4243BE,I,0,NULL,1
99926,1e8de5,鹿児島市電２系統,かごしましでんにけいとう,NULL,20,242,#EF1731,N,0,NULL,1
99927,81c9c7,ゆいレール,ゆいれーる,沖縄都市モノレール線,19,243,#E70F3F,NULL,0,NULL,1
99220,5d8822,南部縦貫鉄道線,なんぶじゅうかんてつどうせん,NULL,11,300,NULL,NULL,1,2002-08-01,1
99221,1bf7a5,横荘線,おうしょうせん,羽後交通横荘線,2,301,NULL,NULL,1,1971-07-20,1
99222,0cc82d,雄勝線,おがちせん,羽後交通雄勝線,2,301,NULL,NULL,1,1973-04-01,1
99347,7e1430,鹿島臨海鉄道鹿島臨港線,かしまりんかいてつどうかしまりんこうせん,NULL,2,136,NULL,NULL,1,1983-12-01,1
99348,565c30,京王御陵線,けいおうごりょうせん,NULL,2,14,NULL,NULL,1,1964-11-26,1
99349,706519,鉄道院中央本線,てつどういんちゅうおうほんせん,NULL,1,NULL,NULL,NULL,1,NULL,1
99350,2712ee,湘南軌道,しょうなんきどう,NULL,8,NULL,NULL,NULL,1,1937-08-25,1
99428,ac5120,福井鉄道鯖浦線,ふくいてつどうせいほうせん,NULL,12,168,NULL,NULL,1,1973-09-29,1
99656,f6eba2,北丹鉄道,ほくたんてつどう,NULL,8,302,NULL,NULL,1,1974-02-28,1
10701,d7a953,倉吉線,くらよしせん,国鉄倉吉線,9,0,NULL,NULL,1,1985-04-01,1
99719,ea8b6b,下津井電鉄,しもついでんてつ,NULL,15,303,NULL,NULL,1,1991-01-01,1
10801,86a2b4,鍛冶屋原線,かじやばらせん,NULL,5,0,NULL,NULL,1,1972-01-16,1
99813,256374,伊予鉄道森松線,いよてつどうもりまつせん,NULL,3,226,NULL,NULL,1,1965-12-01,1
10901,3ee6bc,勝田線,かつたせん,国鉄勝田線,7,0,NULL,NULL,1,1985-04-01,1
10902,cd818e,宮之城線,みやのじょうせん,国鉄宮之城線,20,0,NULL,NULL,1,1987-01-10,1
99929,a447c8,嘉手納線,かでなせん,沖縄県営鉄道嘉手納線,3,304,NULL,NULL,1,NULL,1
99345,3b0c2b,ディズニーリゾートライン線,でぃずにーりぞーとらいんせん,舞浜リゾートラインディズニーリゾートライン線,4,305,NULL,NULL,0,NULL,1
31028,7b928f,近鉄内部線,きんてつうつべせん,NULL,8,21,NULL,NULL,0,NULL,1
31029,a8d277,近鉄八王子線,きんてつはちおうじせん,NULL,6,21,NULL,NULL,0,NULL,1
99654,761223,北近畿タンゴ鉄道宮津線,きたきんきたんごてつどうみやづせん,NULL,19,306,NULL,NULL,0,NULL,1
99655,9c642b,北近畿タンゴ鉄道宮福線,きたきんきたんごてつどうみやふくせん,NULL,14,306,NULL,NULL,0,NULL,1
99346,be0228,上野懸垂線(上野動物園モノレール),うえのけんすいせん(うえのどうぶつえんものれーる),上野懸垂線,2,119,NULL,NULL,0,NULL,1
11232,7bdaac,JR仙石東北ライン,じぇいあーるせんせきとうほくらいん,NULL,14,2,NULL,NULL,0,NULL,1
99219,7ea4bc,三陸鉄道南リアス線,さんりくてつどうみなみりあすせん,NULL,10,109,#008DD1,NULL,1,2019-03-23,1
10101,2668b4,相生線,あいおいせん,国鉄相生線,14,0,NULL,NULL,1,1985-04-01,0
10102,458cfe,胆振線,いぶりせん,国鉄胆振線,22,0,NULL,NULL,1,1986-11-01,0
10103,22bef0,岩内線,いわないせん,国鉄岩内線,6,0,NULL,NULL,1,1985-07-01,0
11120,7f2986,JR歌志内線,じぇいあーるうたしないせん,JR歌志内線,7,1,NULL,NULL,1,1988-04-25,0
11121,0f91f3,JR名寄本線,じぇいあーるなよろほんせん,JR名寄本線,40,1,NULL,NULL,1,1989-05-01,0
10104,3ad525,興浜南線,こうひんなんせん,国鉄興浜南線,6,0,NULL,NULL,1,1985-07-15,0
11122,4968e3,JR天北線,じぇえあーるてんぽくせん,JR天北線,30,1,NULL,NULL,1,1989-05-01,0
10105,55863d,興浜北線,こうひんほくせん,国鉄興浜北線,9,0,NULL,NULL,1,1985-07-01,0
10106,3bb173,根北線,こんぽくせん,国鉄根北線,7,0,NULL,NULL,1,1970-12-01,0
11123,3dbc62,JR標津線,じぇいあーるしべつせん,JR標津線,19,1,NULL,NULL,1,1989-04-30,0
10107,2dc30e,士幌線,しほろせん,国鉄士幌線,17,0,NULL,NULL,1,1987-03-23,0
10108,3aa3ce,渚滑線,しょこつせん,国鉄渚滑線,12,0,NULL,NULL,1,1985-04-01,0
10109,acad3d,白糠線,しらぬかせん,国鉄白糠線,8,0,NULL,NULL,1,1983-10-23,0
11124,555b25,JR深名線,じぇあーるしんめいせん,JR深名線,26,1,NULL,NULL,1,1995-09-04,0
10110,53eb02,瀬棚線,せたなせん,国鉄瀬棚線,11,0,NULL,NULL,1,1987-03-16,0
10111,ea8d8d,手宮線,てみやせん,国鉄手宮線,3,0,NULL,NULL,1,1985-11-05,0
10112,7c09a5,富内線,とみうちせん,国鉄富内線,15,0,NULL,NULL,1,1986-11-01,0
10113,6cec35,羽幌線,はぼろせん,国鉄羽幌線,39,0,NULL,NULL,1,1987-03-30,0
10114,453823,美幸線,びこうせん,国鉄美幸線,4,0,NULL,NULL,1,1985-09-17,0
10115,11a57b,広尾線,ひろおせん,国鉄広尾線,17,0,NULL,NULL,1,1987-02-02,0
11125,e1780f,JR幌内線,じぇいあーるほろないせん,JR幌内線,9,1,NULL,NULL,1,1987-07-13,0
11126,f8251b,JR松前線,じぇいあーるまつまえせん,JR松前線,12,1,NULL,NULL,1,1988-02-01,0
10116,7bb4d5,万字線,まんじせん,国鉄万字線,6,0,NULL,NULL,1,1985-04-01,0
10117,c70741,湧網線,ゆうもうせん,国鉄湧網線,30,0,NULL,NULL,1,1987-03-20,0
10118,3699e8,JR池北線,じぇいあーるちほくせん,JR池北線,32,1,NULL,NULL,1,1989-06-04,0
99109,c2a803,ふるさと銀河線,ふるさとぎんがせん,北海道ちほく高原鉄道ふるさと銀河線,33,307,NULL,NULL,1,2006-04-21,0
99110,9ca86d,定山渓鉄道線,じょうざんけいてつどうせん,定山渓鉄道線,20,NULL,NULL,NULL,1,1969-11-01,0
99111,4d763a,寿都鉄道,すっつてつどう,寿都鉄道,5,NULL,NULL,NULL,1,1972-05-11,0
99112,032d31,天塩炭礦鉄道,てしおたんこうてつどう,天塩炭礦鉄道,8,NULL,NULL,NULL,1,1967-07-31,0
99113,e0abc3,羽幌炭礦鉄道,はぼろたんこうてつどう,羽幌炭礦鉄道,8,NULL,NULL,NULL,1,1970-12-15,0
99114,323c43,北海道拓殖鉄道,ほっかいどうたくしょくてつどう,北海道拓殖鉄道,15,NULL,NULL,NULL,1,1968-10-01,0
99115,d339e1,夕張鉄道線,ゆうばりてつどうせん,北海道炭礦汽船夕張鉄道線,22,NULL,NULL,NULL,1,1975-04-01,0
99116,1a7d45,三井芦別鉄道,みついあしべつてつどう,三井芦別鉄道,12,NULL,NULL,NULL,1,1989-03-26,0
99117,4f1cd8,美唄鉄道線,びばいてつどうせん,三菱鉱業美唄鉄道線,6,NULL,NULL,NULL,1,1972-06-11,0
99118,1919b8,大夕張鉄道線,おおゆうばりてつどうせん,三菱石炭鉱業大夕張鉄道線,8,NULL,NULL,NULL,1,1987-07-22,0
99119,71ce29,雄別鉄道,ゆうべつてつどう,雄別鉄道,14,NULL,NULL,NULL,1,1970-04-16,0
99120,0b226d,尺別鉄道線,しゃくべつてつどうせん,雄別炭礦尺別鉄道線,6,NULL,NULL,NULL,1,1970-04-16,0
99121,950748,留萠鉄道,るもいてつどう,留萠鉄道炭礦線,7,NULL,NULL,NULL,1,1971-04-15,0
11233,61448c,JR東北本線(盛岡～八戸),じぇいあーるとうほくほんせん,JR東北本線,22,2,#008000,NULL,1,2002-12-01,0
10201,b72244,黒石線,くろいしせん,国鉄黒石線,3,0,NULL,NULL,1,1984-11-01,0
10202,cfe944,大畑線,おおはたせん,国鉄大畑線,8,0,NULL,NULL,1,1985-07-01,0
10203,85455b,久慈線,くじせん,国鉄久慈線,6,0,NULL,NULL,1,1984-04-01,0
10204,9879cb,宮古線,みやこせん,国鉄宮古線,4,0,NULL,NULL,1,1984-04-01,0
10205,c9ecce,盛線,さかりせん,国鉄盛線,6,0,NULL,NULL,1,1984-04-01,0
10206,f6ee4e,丸森線,まるもりせん,国鉄丸森線,5,0,NULL,NULL,1,1986-07-01,0
10207,130c36,阿仁合線,あにあいせん,国鉄阿仁合線,16,0,NULL,NULL,1,1986-11-01,0
10208,915b59,角館線,かくのだてせん,国鉄角館線,6,0,NULL,NULL,1,1986-11-01,0
10209,118677,矢島線,やしません,国鉄矢島線,9,0,NULL,NULL,1,1985-10-01,0
10211,cbb710,川俣線,かわまたせん,国鉄川俣線,3,0,NULL,NULL,1,1972-05-14,0
10212,aae89d,日中線,にっちゅうせん,国鉄日中線,5,0,NULL,NULL,1,1984-04-01,0
11234,b0ea32,JR長井線,じぇいあーるながいせん,JR長井線,13,1,NULL,NULL,1,1988-10-25,0
11235,1b770c,JR会津線,じぇいあーるあいづせん,JR会津線,16,1,NULL,NULL,1,1987-07-16,0
99223,40fb37,弘南鉄道黒石線,こうなんてつどうくろいしせん,NULL,3,105,NULL,NULL,1,1998-04-01,0
99224,2f7f44,下北交通大畑線,しもきたこうつうおおはたせん,下北交通大畑線,8,308,NULL,NULL,1,2001-04-01,0
99225,8cf5e1,くりはら田園鉄道線,くりはらでんえんてつどうせん,NULL,16,309,NULL,NULL,1,2007-04-01,0
99226,4a2c98,松尾鉱業鉄道,まつおこうぎょうてつどう,松尾鉱業鉄道,4,NULL,NULL,NULL,1,1972-10-09,0
99227,1f0f78,秋田中央交通線,あきたちゅうおうこうつうせん,秋田中央交通線,4,NULL,NULL,NULL,1,1969-07-11,0
99228,0d501b,小坂線,こさかせん,小坂精練小坂線,11,NULL,NULL,NULL,1,2009-04-01,0
99229,2aac74,花岡線,はなおかせん,同和鉱業花岡線,3,NULL,NULL,NULL,1,1985-04-01,0
99230,36e10f,湯野浜線,ゆのはません,庄内交通湯野浜線,7,NULL,NULL,NULL,1,1975-04-01,0
99231,b06493,尾花沢線,おばなざわせん,山形交通尾花沢線,2,NULL,NULL,NULL,1,1970-09-10,0
99232,d224ee,三山線,さんざんせん,山形交通三山線,10,NULL,NULL,NULL,1,1974-11-18,0
99233,6bd331,高畠線,たかはたせん,山形交通高畠線,9,NULL,NULL,NULL,1,1974-11-18,0
99234,780edf,福島臨海鉄道,ふくしまりんかいてつどう,福島臨海鉄道本線,7,NULL,NULL,NULL,0,NULL,0
11344,1cca44,JR真岡線,じぇいあーるもおかせん,JR真岡線,12,1,NULL,NULL,1,1988-04-11,0
11345,012aba,JR足尾線,じぇいあーるあしおせん,JR足尾線,14,1,NULL,NULL,1,1989-03-29,0
99322,b0c970,鹿島鉄道線,かしまてつどうせん,鹿島鉄道線,17,135,NULL,NULL,1,2007-04-01,0
99351,91a0b4,筑波線,つくばせん,筑波鉄道筑波線,18,310,NULL,NULL,1,1987-04-01,0
99352,52a42a,日立電鉄線,ひたちでんてつせん,日立電鉄線,14,311,NULL,NULL,1,2005-04-01,0
99353,baeb6f,茨城線,いばらきせん,茨城交通茨城線,16,NULL,NULL,NULL,1,1971-02-11,0
99354,27ad42,東野鉄道,とうやてつどう,東野鉄道,8,NULL,NULL,NULL,1,1968-12-16,0
21020,fdd4c8,東武熊谷線,とうぶくまがやせん,NULL,4,11,NULL,NULL,1,1983-06-01,0
11346,672fa3,JR木原線,じぇいあーるきはらせん,JR木原線,13,1,NULL,NULL,1,1988-03-24,0
10401,4dab4e,赤谷線,あかたにせん,国鉄赤谷線,8,0,NULL,NULL,1,1984-04-01,0
10402,006ba8,魚沼線,うおぬません,国鉄魚沼線,5,0,NULL,NULL,1,1984-04-01,0
99429,5a0e15,越後交通長岡線,えちごこうつうながおかせん,NULL,23,NULL,NULL,NULL,1,1995-04-01,0
99430,a4fd52,蒲原鉄道線,かんばらてつどうせん,NULL,15,NULL,NULL,NULL,1,1999-10-04,0
99431,8b72b2,新潟交通電車線,にいがたこうつうでんしゃせん,NULL,25,NULL,NULL,NULL,1,1999-04-05,0
11423,ea4844,JR富山港線,じぇいあーるとやまこうせん,NULL,10,4,NULL,NULL,1,2006-03-01,0
99432,84ccaf,加越線,かえつせん,加越能鉄道加越線,14,NULL,NULL,NULL,1,1972-09-16,0
99433,e6ceb0,神岡鉄道線,かみおかてつどうせん,神岡鉄道神岡線,8,NULL,NULL,NULL,1,2006-12-01,0
10403,2fc3d1,神岡線,かみおかせん,国鉄神岡線,7,0,NULL,NULL,1,1984-10-01,0
99434,ed6c52,富山地鉄射水線,とやまちてついみずせん,NULL,14,160,NULL,NULL,1,1980-04-01,0
99435,93bbbd,富山地鉄笹津線,とやまちてつささづせん,NULL,14,160,NULL,NULL,1,1975-04-01,0
99436,ed1693,のと鉄道能登線,のとてつどうのとせん,NULL,30,166,NULL,NULL,1,1988-03-25,0
11424,d79479,JR能登線,じぇいあーるのとせん,NULL,29,4,NULL,NULL,1,2005-04-01,0
99437,7cd771,北陸鉄道金名線,ほくりくてつどうきんめいせん,NULL,14,165,NULL,NULL,1,1987-04-29,0
99438,99697e,北陸鉄道能美線,ほくりくてつどうのみせん,NULL,21,165,NULL,NULL,1,1980-09-14,0
99439,892e74,北陸鉄道金石線,ほくりくてつどうかないわせん,NULL,10,165,NULL,NULL,1,1971-09-01,0
99440,18fab0,北陸鉄道山中線,ほくりくてつどうやまなかせん,NULL,11,165,NULL,NULL,1,1971-07-11,0
99441,b08e07,北陸鉄道山代線,ほくりくてつどうやましろえん,NULL,7,165,NULL,NULL,1,1971-07-11,0
99442,af5026,北陸鉄道小松線,ほくりくてつどうこまつせん,NULL,8,165,NULL,NULL,1,1986-06-01,0
99443,8c6079,北陸鉄道能登線,ほくりくてつどうのとせん,NULL,13,165,NULL,NULL,1,1972-06-25,0
10404,9c1ef2,三国線,みくにせん,国鉄三国線,4,0,NULL,NULL,1,1972-03-01,0
99444,715f39,京福電鉄永平寺線,けいふくでんてつえいへいじせん,NULL,21,196,NULL,NULL,1,2002-10-21,0
99449,4b3878,京福電鉄丸岡線,けいふくでんてつまるおかせん,NULL,7,197,NULL,NULL,1,1968-07-11,0
99445,496b30,福井鉄道南越線,ふくいてつどうなんえつせん,NULL,14,168,NULL,NULL,1,1981-04-01,0
11425,7cf7ab,JR信越本線(横川～篠ノ井),じぇいあーるしんえつほんせん,NULL,16,2,NULL,NULL,1,1997-10-01,0
11426,ad82b8,JR信越本線(長野～直江津),じぇいあーるしんえつほんせん,NULL,17,2,NULL,NULL,1,2015-03-14,0
99446,95c096,上田交通真田傍陽線,うえだこうつうさなだそえひせん,NULL,19,157,NULL,NULL,1,1972-02-20,0
99447,90cef5,上田丸子電鉄丸子線,うえだまるこでんてつまるこせん,NULL,16,157,NULL,NULL,1,1969-04-20,0
99448,614332,長野電鉄河東線,ながのでんてつかとうせん,NULL,26,158,NULL,NULL,1,2012-04-01,0
99533,fefdda,北恵那鉄道線,きたえなてつどうせん,NULL,13,NULL,NULL,NULL,1,1978-09-18,0
99534,9bb01d,東濃鉄道笠原線,とうのうてつどうかさはらせん,NULL,6,NULL,NULL,NULL,1,1978-11-01,0
99535,0924cd,東濃鉄道駄知線,とうのうてつどうだちせん,NULL,8,NULL,NULL,NULL,1,1974-10-21,0
30022,f25c57,名鉄揖斐線,めいてついびせん,NULL,16,20,#533A98,NULL,1,2005-04-01,0
30023,4c5785,名鉄谷汲線,めいてつたにぐみせん,NULL,12,20,NULL,NULL,1,2001-10-01,0
30024,fee28a,名鉄八百津線,めいてつやおつせん,NULL,5,20,NULL,NULL,1,2001-10-01,0
10501,fee857,明知線,あけちせん,国鉄明知線,8,0,NULL,NULL,1,1985-11-16,0
10502,54ff15,越美南線,えつみなんせん,国鉄越美南線,26,0,NULL,NULL,1,1986-12-11,0
10503,e63e70,清水港線,しみずこうせん,国鉄清水港線,5,0,NULL,NULL,1,1984-04-01,0
99536,45da87,桃花台線,とうかだいせん,桃花台新交通桃花台線,7,NULL,NULL,NULL,1,2006-10-01,0
99537,5d4377,豊橋鉄道田口線,とよはしてつどうたぐちせん,NULL,11,181,NULL,NULL,1,1968-09-01,0
10504,202135,樽見線,たるみせん,国鉄樽見線,11,0,NULL,NULL,1,1984-10-06,0
11514,a49d58,JR岡多線,じぇいあーるおかたせん,NULL,8,3,NULL,NULL,1,1988-01-31,0
10505,ce3335,二俣線,ふたまたせん,国鉄二俣線,28,0,NULL,NULL,1,1987-03-15,0
30025,db7c16,名鉄拳母線,めいてつころもせん,NULL,7,20,NULL,NULL,1,1973-03-04,0
30026,21fe08,名鉄モンキーパークモノレール線,いぬやまもんきーぱーくものれーるせん,NULL,3,20,#008000,NULL,1,2008-12-28,0
30027,27f89d,名鉄岐阜市内線,めいてつぎふしないせん,NULL,20,20,#533A98,NULL,1,2005-04-01,0
30028,e13b2a,名鉄美濃町線,めいてつみのまちせん,NULL,23,20,#533A98,NULL,1,2005-04-01,0
30029,5105e9,名鉄田神線,めいてつたがみせん,NULL,3,20,#533A98,NULL,1,2005-04-01,0
31030,d609b1,近鉄伊賀線,きんてついがせん,NULL,19,21,NULL,NULL,1,2007-10-01,0
31031,483dcc,近鉄養老線,きんてつようろうせん,NULL,28,21,NULL,NULL,1,2007-10-01,0
31032,131e36,近鉄北勢線,きんてつほくせいせん,NULL,16,21,NULL,NULL,1,2003-04-01,0
99657,e5dd8b,江若鉄道線,こうじゃくてつどうせん,NULL,27,NULL,NULL,NULL,1,1969-11-01,0
99658,d7c000,加悦鉄道,かやてつどう,NULL,7,NULL,NULL,NULL,1,1985-05-01,0
11619,2bd9c6,JR信楽線,じぇいあーるしがらきせん,NULL,4,4,NULL,NULL,1,1987-07-13,0
11620,3636c4,JR宮津線,じぇいあーるみやづせん,NULL,19,4,NULL,NULL,1,1990-04-01,0
32010,dba021,南海天王寺支線,なんかいてんのうじしせん,NULL,4,22,NULL,NULL,1,1993-04-01,0
11621,2305da,JR鍛冶屋線,じぇいあーるかじやせん,NULL,7,4,NULL,NULL,1,1990-04-01,0
10601,f7276c,三木線(国鉄),みきせん,国鉄三木線,5,0,NULL,NULL,1,1985-04-01,0
10602,58e4bf,北条線,ほうじょうせん,国鉄北条線,8,0,NULL,NULL,1,1985-04-01,0
10603,6a98d1,高砂線,たかさごせん,国鉄高砂線,6,0,NULL,NULL,1,1984-12-01,0
10604,2dbdc3,篠山線,ささやません,国鉄篠山線,6,0,NULL,NULL,1,1972-03-01,0
99659,83e8ae,淡路鉄道,あわじてつどう,淡路交通鉄道線,17,NULL,NULL,NULL,1,1966-10-01,0
35004,865aa7,阪神尼崎海岸線,はんしんあまがさきかいがんせん,NULL,3,25,NULL,NULL,1,1962-12-01,0
99660,729d81,姫路市営モノレール,ひめじしえいものれーる,路市交通局モノレール線,3,NULL,NULL,NULL,1,1979-01-26,0
99661,ab4dab,別府鉄道土山線,べふてつどうつちやません,NULL,3,NULL,NULL,NULL,1,1984-02-01,0
99662,8593b3,別府鉄道野口線,べふてつどうのぐちせん,NULL,6,NULL,NULL,NULL,1,1984-02-01,0
31033,5064f5,近鉄法隆寺線,きんてつほうりゅうじせん,NULL,4,21,NULL,NULL,1,1952-04-01,0
99663,022d9d,有田鉄道線,ありだてつどうせん,NULL,5,NULL,NULL,NULL,1,2003-01-01,0
99664,3d3dd1,野上電気鉄道,のがみでんきてつどう,野上電気鉄道野上線,14,NULL,NULL,NULL,1,1994-04-01,0
99720,c6c433,法勝寺電鉄,ほっしょうじでんてつ,日ノ丸自動車法勝寺電鉄線,13,NULL,NULL,NULL,1,1967-05-15,0
11725,003536,JR若桜線,じぇいあーるわかさせん,NULL,7,4,NULL,NULL,1,1987-10-14,0
11726,881d0e,JR大社線,じぇいあーるたいしゃせん,NULL,4,4,NULL,NULL,1,1990-04-01,0
99721,1f4a7e,一畑電気鉄道立久恵線,いちばたでんきてつどうたちくえせん,NULL,11,NULL,NULL,NULL,1,1965-02-18,0
99722,f3e142,一畑電気鉄道広瀬線,いちばたでんきてつどうひろせせん,NULL,8,NULL,NULL,NULL,1,1960-06-20,0
99723,05f752,岡山臨港鉄道,おかやまりんこうてつどう,NULL,8,NULL,NULL,NULL,1,1984-12-30,0
99724,20704a,玉野市営電気鉄道,たまのしえいでんきてつどう,玉野市電気鉄道,13,NULL,NULL,NULL,1,1972-04-01,0
99725,fd0342,片上鉄道,かたかみてつどう,同和鉱業片上鉄道線,17,NULL,NULL,NULL,1,1991-07-11,0
10605,e0454e,宇品線,うじなせん,国鉄宇品線,7,0,NULL,NULL,1,1972-04-01,0
99726,802d27,尾道鉄道,おのみちてつどう,尾道鉄道線,17,NULL,NULL,NULL,1,1964-08-01,0
99727,4c913a,船木鉄道,ふなきてつどう,NULL,12,NULL,NULL,NULL,1,1961-10-19,0
99728,26e03b,防石鉄道,ぼうせきてつどう,NULL,12,NULL,NULL,NULL,1,1964-07-01,0
99729,717707,長門鉄道,ながとてつどう,NULL,10,NULL,NULL,NULL,1,1956-05-01,0
11727,24e14c,JR岩日線,じぇいあーるがんにちせん,NULL,11,4,NULL,NULL,1,1987-07-25,0
10802,c60d91,小松島線,こまつしません,国鉄小松島線,2,0,NULL,NULL,1,1985-03-14,0
99820,ae94fe,琴平急行電鉄,ことひらきゅうこうでんてつ,琴平急行電鉄線,15,NULL,NULL,NULL,1,1954-09-30,0
11809,01da0e,JR中村線,じぇいあーるなかむらせん,NULL,12,5,NULL,NULL,1,1988-04-01,0
99821,ac3e04,土佐電気鉄道,とさでんきてつどう,土佐電気鉄道安芸線,21,NULL,NULL,NULL,1,1974-04-01,0
10903,8ab421,芦屋線,あしやせん,国鉄芦屋線,2,0,NULL,NULL,1,1961-06-01,0
11931,a787a5,JR伊田線,じぇいあーるいたせん,NULL,6,6,NULL,NULL,1,1989-10-01,0
11932,561e20,JR糸田線,じぇいあーるいとだせん,NULL,4,6,NULL,NULL,1,1989-10-01,0
11933,8dcaf1,JR田川線,じぇいあーるたがわせん,NULL,7,6,NULL,NULL,1,1989-10-01,0
10904,059a87,漆生線,うるしおせん,国鉄漆生線,5,0,NULL,NULL,1,1986-04-01,0
11934,8379b4,JR上山田線,じぇいあーるかみやまだせん,NULL,10,6,NULL,NULL,1,1988-09-01,0
10905,cf51c8,香月線,かつきせん,国鉄香月線,4,0,NULL,NULL,1,1985-04-01,0
10906,406fd7,幸袋線,こうぶくろせん,国鉄幸袋線,5,0,NULL,NULL,1,1969-12-08,0
10907,5e49aa,佐賀線,さがせん,国鉄佐賀線,12,0,NULL,NULL,1,1987-03-28,0
10908,c86674,添田線,そえだせん,国鉄添田線,6,0,NULL,NULL,1,1985-04-01,0
11935,2f6167,JR宮田線,じぇいあーるみやだせん,NULL,3,6,NULL,NULL,1,1989-12-23,0
10909,349bde,室木線,むろきせん,国鉄室木線,5,0,NULL,NULL,1,1985-04-01,0
10910,b1b1be,矢部線,やべせん,国鉄矢部線,10,0,NULL,NULL,1,1985-04-01,0
36005,48ee1d,西鉄大川線,にしてつおおかわせん,NULL,10,26,NULL,NULL,1,1966-05-06,0
36006,150c28,西鉄北九州線,にしてつきたきゅうしゅうせん,西鉄北九州本線,56,26,NULL,NULL,1,2000-11-26,0
36007,ad8bf4,西鉄戸畑線,にしてつとばたせん,NULL,10,26,NULL,NULL,1,1985-10-20,0
36008,d29f28,西鉄枝光線,にしてつえだみつせん,NULL,9,26,NULL,NULL,1,1985-10-20,0
36009,66899e,西鉄北方線,にしてつきたがたせん,NULL,12,26,NULL,NULL,1,1980-11-02,0
36010,930af5,西鉄福岡市内線(環状線),にしてつふくおかしないせん(じゅんかんせん),NULL,18,26,NULL,NULL,1,1979-02-11,0
36011,36f6cf,西鉄福岡市内線(貫線),にしてつふくおかしないせん(かんせん),NULL,32,26,NULL,NULL,1,1975-11-02,0
36012,1045ec,西鉄福岡市内線(呉服町線),にしてつふくおかしないせん(ごふくまちせん),NULL,3,26,NULL,NULL,1,1975-11-02,0
36013,257627,西鉄福岡市内線(城南線),にしてつふくおかしないせん(じょうなんせん),NULL,12,26,NULL,NULL,1,1975-11-02,0
36014,a8977e,西鉄福岡市内線(吉塚線),にしてつふくおかしないせん(よしづかせん),NULL,3,26,NULL,NULL,1,1973-01-05,0
36015,f7f93e,西鉄福岡市内線(貝塚線),にしてつふくおかしないせん(かいづかせん),西鉄宮地岳線,8,26,NULL,NULL,1,1979-02-11,0
36016,a6bdb6,西鉄福島線,にしてつふくしません,NULL,14,26,NULL,NULL,1,1958-11-27,0
10911,e043f2,甘木線,あまぎせん,国鉄甘木線,7,0,NULL,NULL,1,1986-04-01,0
10912,5ebaac,柚木線,ゆのきせん,国鉄柚木線,3,0,NULL,NULL,1,1967-09-01,0
10913,6adbfd,臼ノ浦線,うすのうらせん,国鉄臼ノ浦線,2,0,NULL,NULL,1,1971-12-26,0
10914,b8c5f9,世知原線,せちばるせん,国鉄世知原線,3,0,NULL,NULL,1,1971-12-26,0
11936,78fac4,JR松浦線,じぇいあーるまつうらせん,NULL,32,6,NULL,NULL,1,1988-04-01,0
10915,a2fff3,宮原線,みやのはるせん,国鉄宮原線,6,0,NULL,NULL,1,1984-12-01,0
